month,borough,communitydistrict,refusetonscollected,papertonscollected,mgptonscollected,resorganicstons,schoolorganictons,leavesorganictons,xmastreetons,otherorganicstons,borough_id
2017 / 01,Manhattan,1,1528.49,346.25,240.21,13.0,,,16.0,,1
2017 / 01,Manhattan,2,2322.79,508.31,336.99,,15.43,,54.6,,1
2017 / 01,Manhattan,3,6167.23,525.36,386.55,,47.97,,41.4,6.76,1
2017 / 01,Manhattan,4,3249.53,676.07,368.13,,,,40.46,,1
2017 / 01,Manhattan,5,1697.98,272.9,181.24,,,,28.0,,1
2017 / 01,Manhattan,6,3324.1,789.62,393.27,14.34,,,39.52,,1
2017 / 01,Manhattan,7,5272.84,1180.12,807.85,17.7,31.87,,93.93,5.3,1
2017 / 01,Manhattan,8,6059.91,1161.38,789.92,8.51,,,185.0,,1
2017 / 01,Manhattan,9,2458.24,285.21,252.39,23.46,70.29,,28.7,,1
2017 / 01,Manhattan,10,6169.46,287.39,283.59,,,,37.8,10.23,1
2017 / 01,Manhattan,11,2395.86,240.29,195.28,,22.8,,15.0,,1
2017 / 01,Manhattan,12,5095.85,480.71,511.75,,25.47,,44.8,,1
2017 / 02,Manhattan,1,1382.57,321.73,215.75,12.37,,,,,1
2017 / 02,Manhattan,2,2045.22,402.17,299.01,,13.1,,,,1
2017 / 02,Manhattan,3,5475.47,431.23,360.01,,33.04,,,6.44,1
2017 / 02,Manhattan,4,2920.56,590.52,353.58,,,,,,1
2017 / 02,Manhattan,5,1565.58,227.42,159.32,,,,,,1
2017 / 02,Manhattan,6,2943.99,694.86,387.17,11.34,,,,,1
2017 / 02,Manhattan,7,4547.98,986.98,708.63,14.74,24.1,,,5.56,1
2017 / 02,Manhattan,8,5248.09,990.17,712.9,7.35,,,,,1
2017 / 02,Manhattan,9,2176.9,248.48,237.18,20.35,55.13,,,,1
2017 / 02,Manhattan,10,5502.04,238.97,246.02,,,,,10.74,1
2017 / 02,Manhattan,11,2050.02,196.64,174.48,,16.17,,,,1
2017 / 02,Manhattan,12,4445.49,411.81,436.99,,22.43,,,,1
2017 / 03,Manhattan,1,1575.9,414.21,259.83,13.2,,,,,1
2017 / 03,Manhattan,2,2268.47,460.4,322.72,,16.6,,,,1
2017 / 03,Manhattan,3,6292.22,547.42,418.2,,58.35,,,6.65,1
2017 / 03,Manhattan,4,3279.6,713.87,424.09,,,,,,1
2017 / 03,Manhattan,5,1751.0,265.69,179.56,,,,,,1
2017 / 03,Manhattan,6,3328.93,843.56,444.07,10.73,,,,,1
2017 / 03,Manhattan,7,5078.62,1161.96,798.95,17.1,30.4,,,5.44,1
2017 / 03,Manhattan,8,5841.01,1183.32,806.0,7.83,,,,,1
2017 / 03,Manhattan,9,2412.94,305.62,279.46,22.5,73.36,,,,1
2017 / 03,Manhattan,10,6359.07,299.29,294.36,,,,,9.65,1
2017 / 03,Manhattan,11,2338.84,254.49,194.16,,23.87,,,,1
2017 / 03,Manhattan,12,5044.44,490.57,532.98,,34.0,,,,1
2017 / 04,Manhattan,1,1531.39,356.24,243.1,13.97,,,,,1
2017 / 04,Manhattan,2,2270.9,436.34,303.87,,11.3,,,,1
2017 / 04,Manhattan,3,6053.71,516.5,388.63,,36.91,,,8.22,1
2017 / 04,Manhattan,4,3213.73,639.93,375.62,,,,,,1
2017 / 04,Manhattan,5,1809.56,237.84,170.85,,,,,,1
2017 / 04,Manhattan,6,3179.74,776.2,387.17,11.82,,,,,1
2017 / 04,Manhattan,7,5037.9,1072.79,751.4,16.98,23.27,,,7.3,1
2017 / 04,Manhattan,8,5867.26,1131.32,787.5,7.41,,,,,1
2017 / 04,Manhattan,9,2406.17,283.44,264.0,22.0,49.5,,,,1
2017 / 04,Manhattan,10,6018.06,268.34,252.95,,,,,13.39,1
2017 / 04,Manhattan,11,2225.08,224.82,187.1,,16.54,,,,1
2017 / 04,Manhattan,12,4856.0,445.98,471.59,,21.83,,,,1
2017 / 05,Manhattan,1,1688.84,349.59,236.35,17.07,,,,,1
2017 / 05,Manhattan,2,2568.59,495.47,352.46,,15.99,,,,1
2017 / 05,Manhattan,3,6881.67,552.07,427.07,,52.78,,,6.27,1
2017 / 05,Manhattan,4,3589.32,695.91,391.83,,,,,,1
2017 / 05,Manhattan,5,1993.44,282.6,194.66,,,,,,1
2017 / 05,Manhattan,6,3582.62,804.37,391.87,14.68,,,,,1
2017 / 05,Manhattan,7,5599.92,1120.67,776.08,20.43,39.97,,,5.93,1
2017 / 05,Manhattan,8,6506.79,1169.64,799.1,10.53,,,,,1
2017 / 05,Manhattan,9,2782.34,307.36,267.93,30.59,75.81,,,,1
2017 / 05,Manhattan,10,6591.84,293.54,279.31,,,,,11.36,1
2017 / 05,Manhattan,11,2555.93,251.54,201.94,,23.18,,,,1
2017 / 05,Manhattan,12,5421.45,472.78,513.43,,37.78,,,,1
2017 / 06,Manhattan,1,1656.73,404.72,280.18,16.97,,,,,1
2017 / 06,Manhattan,2,2361.58,463.51,312.83,,10.87,,,,1
2017 / 06,Manhattan,3,6519.39,613.27,440.37,,39.96,,,6.9,1
2017 / 06,Manhattan,4,3591.2,733.62,420.38,,,,,,1
2017 / 06,Manhattan,5,1922.33,256.57,188.13,,,,,,1
2017 / 06,Manhattan,6,3507.57,848.77,439.07,15.18,,,,,1
2017 / 06,Manhattan,7,5393.23,1184.77,803.7,19.19,17.83,,,6.76,1
2017 / 06,Manhattan,8,6197.14,1157.48,796.61,12.01,,,,,1
2017 / 06,Manhattan,9,2585.7,346.13,288.99,26.71,46.69,,,,1
2017 / 06,Manhattan,10,6316.97,302.44,310.36,,,,,11.3,1
2017 / 06,Manhattan,11,2476.9,261.48,197.63,,17.99,,,,1
2017 / 06,Manhattan,12,5268.96,513.17,521.92,,26.16,,,,1
2017 / 07,Manhattan,1,1516.08,317.54,218.24,16.48,,,,,1
2017 / 07,Manhattan,2,2185.52,369.77,283.97,,,,,,1
2017 / 07,Manhattan,3,6361.27,491.14,412.48,,,,,9.43,1
2017 / 07,Manhattan,4,3308.44,604.89,369.81,,,,,,1
2017 / 07,Manhattan,5,1803.48,207.63,153.28,,,,,,1
2017 / 07,Manhattan,6,3232.49,711.3,383.03,16.98,,,,,1
2017 / 07,Manhattan,7,4930.04,985.02,711.53,19.29,,,,8.04,1
2017 / 07,Manhattan,8,5396.53,942.18,701.5,17.54,,,,,1
2017 / 07,Manhattan,9,2471.74,265.38,254.76,27.03,,,,,1
2017 / 07,Manhattan,10,6330.28,270.49,255.67,,,,,12.55,1
2017 / 07,Manhattan,11,2307.75,206.97,180.65,,,,,,1
2017 / 07,Manhattan,12,5166.82,429.81,467.29,,,,,,1
2017 / 08,Manhattan,1,1576.93,312.08,243.88,18.41,,,,,1
2017 / 08,Manhattan,2,2239.43,422.75,319.65,,,,,0.18,1
2017 / 08,Manhattan,3,6475.76,544.74,427.41,,,,,7.28,1
2017 / 08,Manhattan,4,3367.01,659.12,394.47,,,,,,1
2017 / 08,Manhattan,5,1901.34,252.17,188.87,,,,,,1
2017 / 08,Manhattan,6,3453.61,769.59,420.55,15.57,,,,,1
2017 / 08,Manhattan,7,5056.22,1003.83,721.86,19.37,,,,6.48,1
2017 / 08,Manhattan,8,5652.48,1002.73,718.76,22.04,,,,,1
2017 / 08,Manhattan,9,2536.92,275.77,263.67,26.2,,,,,1
2017 / 08,Manhattan,10,6600.51,309.71,303.97,,,,,9.84,1
2017 / 08,Manhattan,11,2413.17,235.73,221.38,,,,,,1
2017 / 08,Manhattan,12,5284.03,494.46,532.59,,,,,,1
2017 / 09,Manhattan,1,1623.47,405.22,277.63,16.9,,,,,1
2017 / 09,Manhattan,2,2317.73,446.09,302.2,,13.75,,,,1
2017 / 09,Manhattan,3,6320.22,547.06,413.49,,43.37,,,8.94,1
2017 / 09,Manhattan,4,3379.8,723.78,402.43,,,,,,1
2017 / 09,Manhattan,5,1865.04,252.02,168.74,,,,,,1
2017 / 09,Manhattan,6,3428.96,841.79,420.72,17.29,,,,,1
2017 / 09,Manhattan,7,5224.51,1209.52,757.01,21.19,26.99,,,8.64,1
2017 / 09,Manhattan,8,6036.29,1207.11,769.03,16.12,,,,,1
2017 / 09,Manhattan,9,2419.13,358.93,281.02,31.63,50.51,,,,1
2017 / 09,Manhattan,10,6276.46,309.31,279.79,,40.78,,,11.78,1
2017 / 09,Manhattan,11,2300.09,216.82,181.96,,,,,,1
2017 / 09,Manhattan,12,5098.93,467.63,470.79,,29.1,,,,1
2017 / 10,Manhattan,1,1657.14,356.83,234.02,18.11,,,,,1
2017 / 10,Manhattan,2,2438.98,496.38,335.01,,20.29,,,,1
2017 / 10,Manhattan,3,6296.33,491.14,369.2,,64.55,,,9.41,1
2017 / 10,Manhattan,4,3432.01,671.06,356.83,,,,,,1
2017 / 10,Manhattan,5,1953.35,273.87,192.38,,,,,,1
2017 / 10,Manhattan,6,3538.66,804.87,377.81,19.15,,,,,1
2017 / 10,Manhattan,7,5340.32,1155.1,747.93,25.05,39.06,,,6.63,1
2017 / 10,Manhattan,8,6296.33,1159.22,759.72,16.82,,,,,1
2017 / 10,Manhattan,9,2431.09,266.18,237.6,28.86,95.0,,,,1
2017 / 10,Manhattan,10,6365.08,290.86,273.82,,45.65,,,14.19,1
2017 / 10,Manhattan,11,2388.48,197.29,180.74,,,,,,1
2017 / 10,Manhattan,12,5156.55,435.13,454.91,,50.8,,,,1
2017 / 11,Manhattan,1,1601.62,371.76,249.87,19.96,,,,,1
2017 / 11,Manhattan,2,2387.28,497.46,347.11,,19.66,,,,1
2017 / 11,Manhattan,3,6143.57,501.01,404.23,,55.13,,,9.11,1
2017 / 11,Manhattan,4,3335.73,703.55,399.62,,,,,,1
2017 / 11,Manhattan,5,1839.57,258.14,185.59,,,,,,1
2017 / 11,Manhattan,6,3459.84,859.96,435.48,29.76,,,,,1
2017 / 11,Manhattan,7,5303.86,1220.39,795.81,26.42,36.75,,,6.89,1
2017 / 11,Manhattan,8,6196.95,1254.89,827.07,17.22,,,,,1
2017 / 11,Manhattan,9,2396.53,285.5,255.67,31.99,91.54,,,,1
2017 / 11,Manhattan,10,6363.37,308.53,322.79,,39.44,,,13.57,1
2017 / 11,Manhattan,11,2451.44,246.11,204.28,,,,,,1
2017 / 11,Manhattan,12,5049.18,500.37,511.72,,54.94,,,,1
2017 / 12,Manhattan,1,1538.12,428.5,263.94,16.22,,,,,1
2017 / 12,Manhattan,2,2296.45,472.31,319.86,,17.08,,,,1
2017 / 12,Manhattan,3,6087.89,513.39,391.64,,43.95,,,7.83,1
2017 / 12,Manhattan,4,3305.96,771.55,422.54,,,,,,1
2017 / 12,Manhattan,5,1776.48,274.88,184.2,,,,,,1
2017 / 12,Manhattan,6,3330.46,903.74,442.3,23.03,,,,,1
2017 / 12,Manhattan,7,5136.98,1301.51,804.64,24.96,29.56,,,6.89,1
2017 / 12,Manhattan,8,5950.85,1336.05,850.48,15.22,,,,,1
2017 / 12,Manhattan,9,2361.24,349.42,293.28,27.79,77.09,,,,1
2017 / 12,Manhattan,10,6289.69,346.97,276.4,,32.5,,,11.36,1
2017 / 12,Manhattan,11,2385.41,228.46,187.1,,,,,,1
2017 / 12,Manhattan,12,4973.74,511.97,501.88,,39.07,,,,1
2018 / 01,Manhattan,1,1580.48,348.65,240.11,13.17,,,18.0,,1
2018 / 01,Manhattan,2,2388.16,505.73,380.16,,17.41,,42.9,,1
2018 / 01,Manhattan,3,6122.73,474.41,399.15,,53.2,,62.1,5.25,1
2018 / 01,Manhattan,4,3396.49,656.75,381.19,,,,21.6,,1
2018 / 01,Manhattan,5,1697.06,261.29,194.13,,,,50.4,,1
2018 / 01,Manhattan,6,3284.55,754.38,409.0,26.25,,,45.9,,1
2018 / 01,Manhattan,7,5259.51,1126.89,821.81,19.81,31.83,,57.6,4.5,1
2018 / 01,Manhattan,8,5992.41,1155.98,848.32,12.21,,,144.0,,1
2018 / 01,Manhattan,9,2363.44,270.45,252.28,20.21,70.82,,36.9,,1
2018 / 01,Manhattan,10,6203.63,309.87,294.1,,36.45,,28.8,10.51,1
2018 / 01,Manhattan,11,2439.36,223.9,206.54,,,,17.5,,1
2018 / 01,Manhattan,12,5017.43,472.91,519.49,16.13,43.85,,70.4,,1
2018 / 02,Manhattan,1,1414.77,340.3,223.28,11.9,,,,,1
2018 / 02,Manhattan,2,2099.28,410.49,302.71,,15.08,,,,1
2018 / 02,Manhattan,3,5585.74,435.67,370.88,,39.1,,,12.01,1
2018 / 02,Manhattan,4,2985.34,601.94,354.84,,,,,,1
2018 / 02,Manhattan,5,1523.18,231.19,162.91,,,,,,1
2018 / 02,Manhattan,6,2946.4,716.95,381.5,23.76,,,,,1
2018 / 02,Manhattan,7,4536.17,1028.79,716.25,17.76,25.82,,,5.67,1
2018 / 02,Manhattan,8,5264.07,1029.32,735.75,11.05,,,,,1
2018 / 02,Manhattan,9,2119.81,257.88,240.32,12.05,59.32,,,,1
2018 / 02,Manhattan,10,5673.89,256.37,253.91,,26.67,,,9.35,1
2018 / 02,Manhattan,11,2116.66,189.1,178.07,,,,,,1
2018 / 02,Manhattan,12,4462.71,423.66,444.87,22.1,27.95,,,,1
2018 / 03,Manhattan,1,1587.76,417.18,277.51,12.57,,,,,1
2018 / 03,Manhattan,2,2279.94,438.35,318.83,,19.91,,,,1
2018 / 03,Manhattan,3,6304.46,548.0,409.44,,56.57,,,21.12,1
2018 / 03,Manhattan,4,3386.94,753.41,427.41,11.03,,,,,1
2018 / 03,Manhattan,5,1693.19,263.84,169.54,,,,,,1
2018 / 03,Manhattan,6,3308.14,901.86,463.49,21.65,,,,,1
2018 / 03,Manhattan,7,5119.58,1229.01,808.17,20.53,35.5,,,8.26,1
2018 / 03,Manhattan,8,5915.94,1260.75,847.73,13.56,,,,,1
2018 / 03,Manhattan,9,2366.54,315.88,289.02,16.48,75.03,,,,1
2018 / 03,Manhattan,10,6368.86,299.1,288.76,,40.16,,,10.6,1
2018 / 03,Manhattan,11,2370.8,200.52,177.81,,,,,,1
2018 / 03,Manhattan,12,4940.83,484.16,505.52,26.04,38.88,,,,1
2018 / 04,Manhattan,1,1513.22,368.61,239.27,11.77,,,,,1
2018 / 04,Manhattan,2,2253.18,461.55,322.04,,14.13,,,,1
2018 / 04,Manhattan,3,6009.19,478.9,372.35,,45.48,,,31.21,1
2018 / 04,Manhattan,4,3264.53,654.21,355.7,10.64,,,,,1
2018 / 04,Manhattan,5,1679.79,256.25,161.63,,,,,,1
2018 / 04,Manhattan,6,3192.13,768.62,370.8,20.28,,,,,1
2018 / 04,Manhattan,7,4910.82,1108.61,749.34,20.82,27.44,,,6.71,1
2018 / 04,Manhattan,8,5645.22,1133.47,745.17,13.05,,,,,1
2018 / 04,Manhattan,9,2321.98,262.31,244.33,16.61,72.87,,,,1
2018 / 04,Manhattan,10,6002.47,271.51,253.47,,30.26,,,13.12,1
2018 / 04,Manhattan,11,2272.76,201.08,174.07,,,,,,1
2018 / 04,Manhattan,12,4803.37,421.67,442.51,29.85,29.47,,,,1
2018 / 05,Manhattan,1,1756.16,415.35,260.83,13.56,,,,,1
2018 / 05,Manhattan,2,2535.61,505.51,353.26,,23.29,,,,1
2018 / 05,Manhattan,3,6740.33,589.07,431.38,,63.29,,,32.42,1
2018 / 05,Manhattan,4,3711.55,768.4,412.74,11.97,,,,,1
2018 / 05,Manhattan,5,1967.9,321.28,197.64,,,,,,1
2018 / 05,Manhattan,6,3610.05,888.57,447.65,27.11,,,,,1
2018 / 05,Manhattan,7,5597.22,1234.77,780.51,24.5,41.1,,,6.06,1
2018 / 05,Manhattan,8,6487.58,1278.67,826.63,16.74,,,,,1
2018 / 05,Manhattan,9,2668.59,311.33,274.93,17.56,85.19,,,,1
2018 / 05,Manhattan,10,6667.15,346.22,297.06,,46.24,,,10.68,1
2018 / 05,Manhattan,11,2571.22,245.4,211.42,,,,,,1
2018 / 05,Manhattan,12,5382.79,527.87,550.36,29.42,58.06,,,,1
2018 / 06,Manhattan,1,1641.54,426.3,278.94,15.04,,,,,1
2018 / 06,Manhattan,2,2423.19,501.83,327.45,,14.93,,,,1
2018 / 06,Manhattan,3,6434.75,586.68,412.72,,34.99,,,42.0,1
2018 / 06,Manhattan,4,3591.23,781.86,420.83,13.48,,,,,1
2018 / 06,Manhattan,5,1868.64,285.16,173.42,,,,,,1
2018 / 06,Manhattan,6,3536.72,878.24,433.04,25.19,,,,,1
2018 / 06,Manhattan,7,5339.21,1293.06,814.79,26.09,20.88,,,8.59,1
2018 / 06,Manhattan,8,6123.35,1256.03,820.0,15.56,,,,,1
2018 / 06,Manhattan,9,2489.67,358.26,295.9,15.86,50.08,,,,1
2018 / 06,Manhattan,10,6436.71,333.87,285.64,,29.1,,,10.79,1
2018 / 06,Manhattan,11,2510.56,227.08,186.03,,,,,,1
2018 / 06,Manhattan,12,5279.21,492.04,484.59,30.06,35.16,,,,1
2018 / 07,Manhattan,1,1534.21,326.41,215.58,15.59,,,,,1
2018 / 07,Manhattan,2,2209.55,416.83,290.22,,,,,,1
2018 / 07,Manhattan,3,6267.3,495.87,363.41,,,,,34.64,1
2018 / 07,Manhattan,4,3351.8,651.88,352.2,19.16,,,,,1
2018 / 07,Manhattan,5,1767.4,264.78,176.8,,,,,,1
2018 / 07,Manhattan,6,3342.18,768.78,363.36,28.41,,,,,1
2018 / 07,Manhattan,7,4985.52,1043.61,695.08,24.51,,,,6.78,1
2018 / 07,Manhattan,8,5469.56,1012.21,671.55,18.94,,,,,1
2018 / 07,Manhattan,9,2456.11,249.33,235.58,17.18,,,,,1
2018 / 07,Manhattan,10,6416.15,285.24,269.41,,,,,12.78,1
2018 / 07,Manhattan,11,2424.28,212.29,177.37,,,,,,1
2018 / 07,Manhattan,12,5239.59,440.45,464.68,30.94,,,,,1
2018 / 08,Manhattan,1,1560.74,379.94,242.83,18.01,,,,,1
2018 / 08,Manhattan,2,2281.43,443.54,302.96,,,,,,1
2018 / 08,Manhattan,3,6616.23,585.45,431.21,,,,,36.92,1
2018 / 08,Manhattan,4,3487.71,750.74,432.11,29.7,,,,,1
2018 / 08,Manhattan,5,1855.78,285.5,177.15,,,,,,1
2018 / 08,Manhattan,6,3428.77,877.65,429.64,31.95,,,,,1
2018 / 08,Manhattan,7,5068.3,1116.83,745.66,26.82,,,,6.27,1
2018 / 08,Manhattan,8,5610.01,1128.79,725.93,21.68,,,,,1
2018 / 08,Manhattan,9,2509.91,315.8,280.54,19.07,,,,,1
2018 / 08,Manhattan,10,6639.9,317.79,309.84,,,,,10.94,1
2018 / 08,Manhattan,11,2444.0,265.78,203.02,,,,,,1
2018 / 08,Manhattan,12,5397.59,505.57,540.31,32.31,,,,,1
2018 / 09,Manhattan,1,1643.86,405.04,276.54,14.03,,,,,1
2018 / 09,Manhattan,2,2273.24,504.2,305.58,,20.87,,,,1
2018 / 09,Manhattan,3,6316.19,562.75,394.79,,44.08,,,26.38,1
2018 / 09,Manhattan,4,3478.37,740.23,373.26,32.03,,,,,1
2018 / 09,Manhattan,5,1773.94,288.77,166.92,,,,,,1
2018 / 09,Manhattan,6,3322.43,892.09,399.12,25.91,,,,,1
2018 / 09,Manhattan,7,5137.48,1224.81,742.65,24.17,34.42,,,9.5,1
2018 / 09,Manhattan,8,5953.05,1304.68,777.38,12.76,,,,,1
2018 / 09,Manhattan,9,2396.78,331.96,265.95,19.6,58.1,,,,1
2018 / 09,Manhattan,10,6380.02,278.87,262.69,,,,,14.56,1
2018 / 09,Manhattan,11,2351.55,253.2,184.41,,23.88,,,,1
2018 / 09,Manhattan,12,4933.29,477.99,471.05,22.98,34.22,,,,1
2018 / 10,Manhattan,1,1680.98,386.62,237.24,15.65,,,,,1
2018 / 10,Manhattan,2,2520.18,572.59,369.53,,34.96,,,,1
2018 / 10,Manhattan,3,6787.39,558.26,398.74,,60.99,,,31.49,1
2018 / 10,Manhattan,4,3688.81,742.4,371.64,35.17,,,,,1
2018 / 10,Manhattan,5,1954.95,331.51,198.24,,,,,,1
2018 / 10,Manhattan,6,3652.15,877.01,392.26,33.29,,,,,1
2018 / 10,Manhattan,7,5586.35,1220.06,764.82,30.31,51.82,,,6.49,1
2018 / 10,Manhattan,8,6454.48,1313.41,805.62,12.4,,,,,1
2018 / 10,Manhattan,9,2557.72,289.85,256.25,21.51,99.74,,,,1
2018 / 10,Manhattan,10,6872.99,285.55,284.3,,,,,11.36,1
2018 / 10,Manhattan,11,2577.7,268.21,209.23,,30.76,,,,1
2018 / 10,Manhattan,12,5389.03,473.56,493.33,23.91,41.48,,,,1
2018 / 11,Manhattan,1,1569.51,433.51,270.19,16.39,,,,,1
2018 / 11,Manhattan,2,2392.9,518.26,339.5,,27.63,,,,1
2018 / 11,Manhattan,3,6495.45,514.09,387.05,,53.47,,,43.44,1
2018 / 11,Manhattan,4,3543.74,802.8,428.04,36.1,,,,,1
2018 / 11,Manhattan,5,1803.76,316.07,185.21,,,,,,1
2018 / 11,Manhattan,6,3432.94,963.21,460.24,39.55,,,,,1
2018 / 11,Manhattan,7,5409.55,1315.26,822.71,27.37,42.93,,,7.63,1
2018 / 11,Manhattan,8,6255.75,1366.32,856.63,13.18,,,,,1
2018 / 11,Manhattan,9,2428.92,309.68,283.84,21.46,78.58,,,,1
2018 / 11,Manhattan,10,6662.5,298.43,286.63,,,,,12.36,1
2018 / 11,Manhattan,11,2558.61,235.7,185.71,,25.16,,,,1
2018 / 11,Manhattan,12,5250.38,514.2,525.88,24.04,34.34,,,,1
2018 / 12,Manhattan,1,1549.44,454.72,259.73,16.07,,,,,1
2018 / 12,Manhattan,2,2248.93,522.42,333.61,,24.18,,,,1
2018 / 12,Manhattan,3,6260.07,507.22,381.44,,40.97,,,41.31,1
2018 / 12,Manhattan,4,3392.3,777.14,395.77,34.69,,,,,1
2018 / 12,Manhattan,5,1784.27,285.32,172.64,,,,,,1
2018 / 12,Manhattan,6,3331.75,946.23,428.99,27.28,,,,,1
2018 / 12,Manhattan,7,5179.62,1293.25,816.83,26.16,35.04,,,9.22,1
2018 / 12,Manhattan,8,5954.81,1392.35,833.16,12.67,,,,,1
2018 / 12,Manhattan,9,2380.66,318.97,276.86,20.5,64.0,,,,1
2018 / 12,Manhattan,10,6601.79,281.0,256.05,,,,,13.14,1
2018 / 12,Manhattan,11,2429.6,240.83,183.53,,16.7,,,,1
2018 / 12,Manhattan,12,5121.86,495.44,480.66,21.72,33.11,,,,1
2019 / 01,Manhattan,1,1589.76,395.2,257.44,18.99,,,36.11,,1
2019 / 01,Manhattan,2,2227.45,537.19,390.67,,28.08,,38.5,,1
2019 / 01,Manhattan,3,6088.9,535.8,409.29,,54.81,,15.33,41.72,1
2019 / 01,Manhattan,4,3365.91,726.06,411.27,36.06,,,27.0,,1
2019 / 01,Manhattan,5,1660.22,330.27,220.05,,,,19.07,,1
2019 / 01,Manhattan,6,3390.8,859.5,447.34,27.36,,,38.84,,1
2019 / 01,Manhattan,7,5163.51,1185.09,844.83,30.18,43.62,,86.4,7.97,1
2019 / 01,Manhattan,8,6072.95,1240.91,889.52,12.78,,,150.0,,1
2019 / 01,Manhattan,9,2339.68,285.85,276.58,16.49,76.63,,20.5,,1
2019 / 01,Manhattan,10,6405.79,336.84,332.64,,,,21.6,11.25,1
2019 / 01,Manhattan,11,2472.21,261.69,231.05,,26.6,,17.5,,1
2019 / 01,Manhattan,12,5013.39,544.19,616.59,29.33,36.4,,32.0,,1
2019 / 02,Manhattan,1,1423.33,357.76,236.92,16.85,,,,,1
2019 / 02,Manhattan,2,2044.15,429.91,315.74,,23.3,,,,1
2019 / 02,Manhattan,3,5518.28,450.46,358.15,,37.4,,,42.9,1
2019 / 02,Manhattan,4,2957.06,635.91,368.21,30.49,,,,,1
2019 / 02,Manhattan,5,1486.34,254.32,174.19,,,,,,1
2019 / 02,Manhattan,6,2996.29,744.2,392.75,25.99,,,,,1
2019 / 02,Manhattan,7,4533.31,998.42,718.3,28.51,32.78,,,8.05,1
2019 / 02,Manhattan,8,5268.03,1045.38,754.37,12.37,,,,,1
2019 / 02,Manhattan,9,2076.87,246.14,244.75,17.32,53.75,,,,1
2019 / 02,Manhattan,10,5686.71,240.97,259.71,,,,,11.53,1
2019 / 02,Manhattan,11,2165.8,195.7,184.77,,17.39,,,,1
2019 / 02,Manhattan,12,4422.72,407.68,458.93,24.9,27.84,,,,1
2019 / 03,Manhattan,1,1501.89,415.47,265.03,21.45,,,,,1
2019 / 03,Manhattan,2,2136.54,443.28,316.81,,29.62,,,,1
2019 / 03,Manhattan,3,6017.89,510.5,403.72,,52.31,,,43.4,1
2019 / 03,Manhattan,4,3179.76,716.96,409.73,34.26,,,,,1
2019 / 03,Manhattan,5,1593.53,263.69,170.51,,,,,,1
2019 / 03,Manhattan,6,3195.74,835.08,431.64,35.55,,,,,1
2019 / 03,Manhattan,7,4832.3,1132.52,796.23,32.81,39.22,,,10.12,1
2019 / 03,Manhattan,8,5597.99,1187.33,816.99,14.71,,,,,1
2019 / 03,Manhattan,9,2238.48,283.65,269.24,21.76,70.59,,,,1
2019 / 03,Manhattan,10,6188.13,264.32,268.44,,,,,13.84,1
2019 / 03,Manhattan,11,2425.43,217.18,193.93,,22.76,,,,1
2019 / 03,Manhattan,12,4792.65,437.0,486.23,26.85,43.05,,,,1
2019 / 04,Manhattan,1,1597.47,380.24,250.41,23.35,,,,,1
2019 / 04,Manhattan,2,2342.55,487.33,346.14,,26.9,,,,1
2019 / 04,Manhattan,3,6261.74,479.51,370.88,,44.44,,,37.58,1
2019 / 04,Manhattan,4,3401.64,683.49,364.65,39.57,,,,,1
2019 / 04,Manhattan,5,1739.31,288.93,186.77,,,,,,1
2019 / 04,Manhattan,6,3364.17,799.64,398.59,40.65,,,,,1
2019 / 04,Manhattan,7,5121.66,1110.45,781.36,36.96,35.55,,,8.26,1
2019 / 04,Manhattan,8,6076.31,1172.56,797.96,17.51,,,,,1
2019 / 04,Manhattan,9,2353.34,252.79,250.87,27.07,64.06,,,,1
2019 / 04,Manhattan,10,6382.73,269.66,280.67,,,,,11.83,1
2019 / 04,Manhattan,11,2498.4,215.71,191.01,,18.47,,,,1
2019 / 04,Manhattan,12,5030.3,434.77,490.35,28.42,36.23,,,,1
2019 / 05,Manhattan,1,1698.13,446.51,280.46,27.35,,,,,1
2019 / 05,Manhattan,2,2487.36,492.93,347.93,,37.92,,,,1
2019 / 05,Manhattan,3,6761.81,570.67,437.73,,61.05,,,34.61,1
2019 / 05,Manhattan,4,3569.69,803.46,446.91,46.95,,,,,1
2019 / 05,Manhattan,5,1865.05,308.29,202.52,,,,,,1
2019 / 05,Manhattan,6,3546.7,938.7,471.69,45.87,,,,,1
2019 / 05,Manhattan,7,5355.99,1196.61,800.29,43.01,57.24,,,8.36,1
2019 / 05,Manhattan,8,6224.25,1291.84,859.13,19.51,,,,,1
2019 / 05,Manhattan,9,2585.85,324.1,310.45,28.15,88.55,,,,1
2019 / 05,Manhattan,10,6772.23,309.39,313.71,,,,,10.33,1
2019 / 05,Manhattan,11,2659.47,251.01,219.27,,31.49,,,,1
2019 / 05,Manhattan,12,5293.69,514.7,555.39,31.37,53.29,,,,1
2019 / 06,Manhattan,1,1592.37,428.49,268.77,23.13,,,,,1
2019 / 06,Manhattan,2,2200.77,474.09,321.81,,28.11,,,,1
2019 / 06,Manhattan,3,6123.03,525.82,371.7,,42.86,,,35.77,1
2019 / 06,Manhattan,4,3338.94,714.9,376.14,42.04,,,,,1
2019 / 06,Manhattan,5,1731.4,272.22,162.4,,,,,,1
2019 / 06,Manhattan,6,3310.39,845.73,402.86,40.35,,,,,1
2019 / 06,Manhattan,7,4911.0,1190.27,779.31,40.44,30.48,,,10.97,1
2019 / 06,Manhattan,8,5746.02,1170.86,778.47,18.12,,,,,1
2019 / 06,Manhattan,9,2283.6,318.1,270.05,25.19,47.82,,,,1
2019 / 06,Manhattan,10,6112.27,259.33,269.05,,,,,14.36,1
2019 / 06,Manhattan,11,2441.64,209.82,171.7,,19.16,,,,1
2019 / 06,Manhattan,12,4793.61,441.69,449.97,29.23,33.87,,,,1
2019 / 07,Manhattan,1,1583.09,361.96,239.82,26.43,,,,,1
2019 / 07,Manhattan,2,2262.86,459.76,335.64,,,,,,1
2019 / 07,Manhattan,3,6566.11,523.05,397.64,,,,,36.95,1
2019 / 07,Manhattan,4,3429.9,693.45,375.49,48.17,,,,,1
2019 / 07,Manhattan,5,1758.23,293.68,186.78,,,,,,1
2019 / 07,Manhattan,6,3447.35,807.06,388.4,50.35,,,,,1
2019 / 07,Manhattan,7,4942.51,1035.26,727.93,44.17,,,,8.0,1
2019 / 07,Manhattan,8,5578.56,1081.21,723.46,26.79,,,,,1
2019 / 07,Manhattan,9,2490.13,260.78,255.8,29.25,,,,,1
2019 / 07,Manhattan,10,6637.43,309.43,296.23,,,,,10.95,1
2019 / 07,Manhattan,11,2458.64,236.2,220.34,,,,,,1
2019 / 07,Manhattan,12,5272.27,473.69,529.87,42.04,,,,,1
2019 / 08,Manhattan,1,1580.96,425.32,284.12,23.4,,,,,1
2019 / 08,Manhattan,2,2196.39,412.12,295.65,,,,,,1
2019 / 08,Manhattan,3,6461.88,559.33,429.73,,,,,56.72,1
2019 / 08,Manhattan,4,3356.18,759.97,437.09,45.4,,,,,1
2019 / 08,Manhattan,5,1805.01,275.78,184.34,,,,,,1
2019 / 08,Manhattan,6,3364.53,906.66,462.45,49.48,,,,,1
2019 / 08,Manhattan,7,4809.01,1096.72,759.57,40.63,,,,10.49,1
2019 / 08,Manhattan,8,5475.66,1133.48,756.39,25.52,,,,,1
2019 / 08,Manhattan,9,2391.92,326.93,300.73,24.16,,,,,1
2019 / 08,Manhattan,10,6613.38,314.48,302.3,,,,,11.62,1
2019 / 08,Manhattan,11,2468.51,210.35,184.39,,,,,,1
2019 / 08,Manhattan,12,5094.98,477.49,521.53,37.27,,,,,1
2019 / 09,Manhattan,1,1565.41,428.48,252.79,25.36,,,,,1
2019 / 09,Manhattan,2,2206.27,493.0,311.18,,30.42,,,,1
2019 / 09,Manhattan,3,6298.41,534.11,374.32,,48.78,,,61.2,1
2019 / 09,Manhattan,4,3328.32,709.51,360.98,46.75,,,,,1
2019 / 09,Manhattan,5,1740.37,288.16,168.87,,,,,,1
2019 / 09,Manhattan,6,3229.5,844.28,385.92,40.89,,,,,1
2019 / 09,Manhattan,7,4822.05,1144.95,733.18,42.91,43.06,,,9.06,1
2019 / 09,Manhattan,8,5650.83,1200.35,726.95,24.19,,,,,1
2019 / 09,Manhattan,9,2269.17,308.56,247.36,30.13,63.88,,,,1
2019 / 09,Manhattan,10,6184.93,276.24,285.45,,34.23,,,15.74,1
2019 / 09,Manhattan,11,2430.05,208.1,173.77,,,,,,1
2019 / 09,Manhattan,12,4851.57,440.91,466.41,37.9,37.68,,,,1
2019 / 10,Manhattan,1,1569.9,433.8,275.45,22.15,,,,,1
2019 / 10,Manhattan,2,2216.68,490.91,325.34,,31.55,,,,1
2019 / 10,Manhattan,3,6067.74,519.74,383.09,,51.34,,,41.61,1
2019 / 10,Manhattan,4,3232.19,722.83,404.36,44.67,,,,,1
2019 / 10,Manhattan,5,1659.92,296.03,187.36,,,,,,1
2019 / 10,Manhattan,6,3248.29,898.89,445.85,45.88,,,,,1
2019 / 10,Manhattan,7,4804.79,1141.65,767.78,37.92,42.77,,,8.86,1
2019 / 10,Manhattan,8,5833.41,1221.54,810.45,20.35,,,,,1
2019 / 10,Manhattan,9,2219.37,270.91,260.54,27.92,73.09,,,,1
2019 / 10,Manhattan,10,6215.38,285.44,297.55,,37.78,,,11.14,1
2019 / 10,Manhattan,11,2359.5,203.25,181.21,,,,,,1
2019 / 10,Manhattan,12,4763.07,464.94,499.0,32.21,33.05,,,,1
2019 / 11,Manhattan,1,1576.01,426.37,269.91,21.21,,,,,1
2019 / 11,Manhattan,2,2304.98,471.8,316.0,,29.1,,,,1
2019 / 11,Manhattan,3,6253.83,510.8,374.27,,48.2,,,34.65,1
2019 / 11,Manhattan,4,3334.97,718.09,390.99,42.45,,,,,1
2019 / 11,Manhattan,5,1684.88,290.35,180.37,,,,,,1
2019 / 11,Manhattan,6,3313.08,855.0,413.04,52.54,,,,,1
2019 / 11,Manhattan,7,5073.68,1167.98,770.92,38.81,41.68,,,10.99,1
2019 / 11,Manhattan,8,5954.62,1273.89,820.4,26.88,,,,,1
2019 / 11,Manhattan,9,2314.15,299.71,273.62,30.81,67.55,,,,1
2019 / 11,Manhattan,10,6472.57,294.1,253.32,16.17,33.09,,,9.2,1
2019 / 11,Manhattan,11,2538.0,196.53,181.58,,,,,,1
2019 / 11,Manhattan,12,4971.52,416.69,463.9,36.86,29.52,,,,1
2019 / 12,Manhattan,1,1611.08,474.9,276.92,18.06,,,,,1
2019 / 12,Manhattan,2,2261.94,536.1,341.94,,21.45,,,,1
2019 / 12,Manhattan,3,6351.02,539.65,375.98,,36.09,,,36.65,1
2019 / 12,Manhattan,4,3371.0,774.28,390.97,42.88,,,,,1
2019 / 12,Manhattan,5,1774.38,340.79,203.35,,,,,,1
2019 / 12,Manhattan,6,3320.38,944.77,428.26,37.66,,,,,1
2019 / 12,Manhattan,7,5113.81,1323.39,848.1,35.56,34.19,,,8.82,1
2019 / 12,Manhattan,8,5920.76,1335.72,844.1,19.61,,,,,1
2019 / 12,Manhattan,9,2370.17,297.53,270.23,28.91,50.34,,,,1
2019 / 12,Manhattan,10,6724.29,321.82,290.59,17.9,28.09,,,14.7,1
2019 / 12,Manhattan,11,2607.89,211.07,179.04,,,,,,1
2019 / 12,Manhattan,12,5225.3,532.42,527.92,31.72,25.73,,,,1
2020 / 01,Manhattan,1,1538.45,444.13,295.14,19.53,,,40.73,,1
2020 / 01,Manhattan,2,2188.54,493.57,357.78,,27.1,,46.03,,1
2020 / 01,Manhattan,3,6097.13,588.09,450.87,,53.88,,20.0,32.69,1
2020 / 01,Manhattan,4,3230.66,747.7,460.73,35.6,,,29.7,,1
2020 / 01,Manhattan,5,1603.8,298.72,213.78,,,,22.4,,1
2020 / 01,Manhattan,6,3234.51,885.43,486.99,38.38,,,41.03,,1
2020 / 01,Manhattan,7,4943.42,1158.5,864.73,42.67,49.82,,80.95,8.41,1
2020 / 01,Manhattan,8,5749.67,1263.74,914.17,24.04,,,162.0,,1
2020 / 01,Manhattan,9,2225.65,302.09,311.38,35.68,63.12,,20.5,,1
2020 / 01,Manhattan,10,6443.2,347.69,350.53,18.35,32.71,,25.2,12.47,1
2020 / 01,Manhattan,11,2405.3,264.82,237.28,,,,12.52,,1
2020 / 01,Manhattan,12,4934.93,525.24,616.82,29.96,43.46,,32.0,,1
2020 / 02,Manhattan,1,1430.11,385.39,263.44,17.32,,,,,1
2020 / 02,Manhattan,2,2015.69,423.35,311.59,,22.88,,,,1
2020 / 02,Manhattan,3,5729.67,484.97,377.01,,41.74,,,37.31,1
2020 / 02,Manhattan,4,3027.74,646.84,384.6,32.07,,,,,1
2020 / 02,Manhattan,5,1498.23,257.83,170.96,,,,,,1
2020 / 02,Manhattan,6,3033.81,768.53,408.35,33.68,,,,,1
2020 / 02,Manhattan,7,4460.32,1031.78,760.33,36.17,37.14,,,12.24,1
2020 / 02,Manhattan,8,5290.94,1084.77,812.29,20.6,,,,,1
2020 / 02,Manhattan,9,2070.26,257.2,271.5,35.1,47.87,,,,1
2020 / 02,Manhattan,10,5786.56,269.34,266.18,16.54,24.99,,,12.39,1
2020 / 02,Manhattan,11,2198.2,192.24,181.52,,,,,,1
2020 / 02,Manhattan,12,4411.83,412.18,476.12,25.41,37.1,,,,1
2020 / 03,Manhattan,1,1459.52,377.91,259.57,20.18,,,,,1
2020 / 03,Manhattan,2,1974.26,462.95,342.63,,17.14,,,,1
2020 / 03,Manhattan,3,5873.06,455.98,396.97,,28.26,,,34.03,1
2020 / 03,Manhattan,4,3132.01,659.01,394.31,37.28,,,,,1
2020 / 03,Manhattan,5,1449.78,287.48,197.69,,,,,,1
2020 / 03,Manhattan,6,3139.95,781.79,414.53,45.26,,,,,1
2020 / 03,Manhattan,7,4581.59,1080.37,809.82,42.58,24.94,,,6.29,1
2020 / 03,Manhattan,8,5345.06,1128.54,824.16,16.7,,,,,1
2020 / 03,Manhattan,9,2232.17,258.5,268.29,40.76,36.29,,,,1
2020 / 03,Manhattan,10,6072.17,293.93,295.77,17.79,20.26,,,11.4,1
2020 / 03,Manhattan,11,2323.57,204.85,204.78,3.79,,,,,1
2020 / 03,Manhattan,12,4764.22,438.43,504.29,36.42,26.73,,,,1
2020 / 04,Manhattan,1,1021.1,266.33,241.23,13.93,,,,,1
2020 / 04,Manhattan,2,1424.63,316.27,309.51,,,,,,1
2020 / 04,Manhattan,3,4630.22,361.67,427.56,,,,,31.59,1
2020 / 04,Manhattan,4,2473.84,547.7,437.46,27.72,,,,,1
2020 / 04,Manhattan,5,1009.77,198.83,178.61,,,,,,1
2020 / 04,Manhattan,6,2386.64,635.36,435.27,40.19,,,,,1
2020 / 04,Manhattan,7,3628.97,819.87,775.93,30.91,,,,,1
2020 / 04,Manhattan,8,4115.91,856.83,790.77,10.76,,,,,1
2020 / 04,Manhattan,9,1983.66,225.06,294.06,31.5,,,,,1
2020 / 04,Manhattan,10,5601.73,274.69,315.21,15.33,,,,,1
2020 / 04,Manhattan,11,2044.35,203.49,221.1,,,,,,1
2020 / 04,Manhattan,12,4458.14,440.45,591.68,29.91,,,,,1
2020 / 05,Manhattan,1,1200.94,284.84,244.97,0.61,,,,,1
2020 / 05,Manhattan,2,1677.46,297.4,278.8,,,,,,1
2020 / 05,Manhattan,3,5585.1,416.43,429.01,,,,,24.44,1
2020 / 05,Manhattan,4,2805.08,575.82,438.19,1.51,,,,,1
2020 / 05,Manhattan,5,1177.53,212.64,169.12,,,,,,1
2020 / 05,Manhattan,6,2726.22,680.23,465.67,3.55,,,,,1
2020 / 05,Manhattan,7,4094.62,849.96,758.21,1.55,,,,,1
2020 / 05,Manhattan,8,4539.04,908.5,797.26,0.7,,,,,1
2020 / 05,Manhattan,9,2307.89,287.66,327.55,2.02,,,,,1
2020 / 05,Manhattan,10,6469.1,298.95,333.87,0.78,,,,,1
2020 / 05,Manhattan,11,2307.73,218.7,219.71,,,,,,1
2020 / 05,Manhattan,12,5093.99,499.16,582.88,1.97,,,,,1
2020 / 06,Manhattan,1,1333.21,286.04,224.91,,,,,,1
2020 / 06,Manhattan,2,1920.42,366.25,326.22,,,,,,1
2020 / 06,Manhattan,3,6279.61,430.73,422.8,,,,,26.16,1
2020 / 06,Manhattan,4,3124.59,581.5,381.83,,,,,,1
2020 / 06,Manhattan,5,1352.75,230.95,183.25,,,,,,1
2020 / 06,Manhattan,6,3113.86,660.29,388.7,,,,,,1
2020 / 06,Manhattan,7,4479.75,913.76,779.17,,,,,,1
2020 / 06,Manhattan,8,4929.24,902.49,746.98,,,,,,1
2020 / 06,Manhattan,9,2488.19,264.42,291.62,,,,,,1
2020 / 06,Manhattan,10,6971.48,325.92,321.8,,,,,,1
2020 / 06,Manhattan,11,2536.04,236.41,218.46,,,,,,1
2020 / 06,Manhattan,12,5680.74,533.93,585.82,,,,,,1
2020 / 07,Manhattan,1,1319.21,327.19,251.08,,,,,,1
2020 / 07,Manhattan,2,2011.78,363.4,301.39,,,,,,1
2020 / 07,Manhattan,3,6538.86,518.7,463.44,,,,,31.01,1
2020 / 07,Manhattan,4,3259.11,676.07,450.04,,,,,,1
2020 / 07,Manhattan,5,1452.78,248.53,183.84,,,,,,1
2020 / 07,Manhattan,6,3135.02,767.61,456.12,,,,,,1
2020 / 07,Manhattan,7,4500.28,927.15,758.27,,,,,,1
2020 / 07,Manhattan,8,4874.36,963.44,746.5,,,,,,1
2020 / 07,Manhattan,9,2597.97,308.74,345.24,,,,,,1
2020 / 07,Manhattan,10,7275.38,341.03,339.21,,,,,,1
2020 / 07,Manhattan,11,2645.07,265.83,234.21,,,,,,1
2020 / 07,Manhattan,12,5779.9,591.13,648.23,,,,,,1
2020 / 08,Manhattan,1,1351.38,300.89,219.1,,,,,,1
2020 / 08,Manhattan,2,2018.09,349.42,295.6,,,,,10.0,1
2020 / 08,Manhattan,3,6542.42,471.31,410.95,,,,,30.68,1
2020 / 08,Manhattan,4,3191.03,591.54,391.83,,,,,,1
2020 / 08,Manhattan,5,1434.48,227.26,163.58,,,,,7.4,1
2020 / 08,Manhattan,6,3119.49,682.34,398.77,,,,,3.0,1
2020 / 08,Manhattan,7,4554.16,890.26,732.54,,,,,,1
2020 / 08,Manhattan,8,4910.17,866.59,722.12,,,,,,1
2020 / 08,Manhattan,9,2588.67,315.47,310.63,,,,,,1
2020 / 08,Manhattan,10,7129.28,280.95,302.31,,,,,12.0,1
2020 / 08,Manhattan,11,2622.27,237.02,223.03,,,,,,1
2020 / 08,Manhattan,12,5600.56,490.29,556.46,,,,,7.53,1
2020 / 09,Manhattan,1,1467.96,356.95,224.37,,,,,,1
2020 / 09,Manhattan,2,2133.23,455.36,325.61,,,,,,1
2020 / 09,Manhattan,3,6336.69,502.52,406.65,,,,,31.88,1
2020 / 09,Manhattan,4,3243.65,664.08,383.24,,,,,,1
2020 / 09,Manhattan,5,1448.76,300.83,206.66,,,,,,1
2020 / 09,Manhattan,6,3207.39,754.8,391.17,,,,,,1
2020 / 09,Manhattan,7,4743.19,1009.98,735.24,,,,,,1
2020 / 09,Manhattan,8,5398.03,1075.12,751.73,,,,,,1
2020 / 09,Manhattan,9,2496.91,318.37,288.86,,,,,,1
2020 / 09,Manhattan,10,6893.18,313.52,323.2,,,,,,1
2020 / 09,Manhattan,11,2578.32,295.24,230.16,,,,,,1
2020 / 09,Manhattan,12,5539.3,551.82,592.69,,,,,,1
2020 / 10,Manhattan,1,1469.0,434.66,294.94,,,,,,1
2020 / 10,Manhattan,2,2259.02,468.04,327.14,,,,,,1
2020 / 10,Manhattan,3,6331.25,507.82,429.98,,,,,32.46,1
2020 / 10,Manhattan,4,3282.13,764.84,456.27,,,,,,1
2020 / 10,Manhattan,5,1457.99,298.88,194.38,,,,,,1
2020 / 10,Manhattan,6,3225.12,888.84,482.41,,,,,,1
2020 / 10,Manhattan,7,4879.87,1136.36,831.15,,,,,,1
2020 / 10,Manhattan,8,5617.64,1195.9,863.17,,,,,,1
2020 / 10,Manhattan,9,2471.67,326.11,319.27,,,,,,1
2020 / 10,Manhattan,10,6882.24,310.0,308.77,,,,,,1
2020 / 10,Manhattan,11,2588.49,235.59,202.14,,,,,,1
2020 / 10,Manhattan,12,5474.24,558.6,580.29,,,,,,1
2020 / 11,Manhattan,1,1314.49,325.26,226.93,,,,,,1
2020 / 11,Manhattan,2,2123.59,426.44,311.16,,,,,,1
2020 / 11,Manhattan,3,5965.24,426.23,349.6,,,,,29.29,1
2020 / 11,Manhattan,4,3043.17,591.8,351.44,,,,,,1
2020 / 11,Manhattan,5,1307.24,236.11,167.91,,,,,,1
2020 / 11,Manhattan,6,2958.65,705.01,355.99,,,,,,1
2020 / 11,Manhattan,7,4611.18,961.11,730.42,,,,,,1
2020 / 11,Manhattan,8,5152.42,1013.56,729.14,,,,,,1
2020 / 11,Manhattan,9,2308.46,257.34,248.99,,,,,,1
2020 / 11,Manhattan,10,6481.51,268.29,251.29,,,7.5,,,1
2020 / 11,Manhattan,11,2452.13,221.22,191.81,,,,,,1
2020 / 11,Manhattan,12,5294.45,442.29,490.14,,,,,,1
2020 / 12,Manhattan,1,1361.85,401.48,268.21,,,,,,1
2020 / 12,Manhattan,2,2012.16,485.21,347.7,,,,,,1
2020 / 12,Manhattan,3,5845.99,505.4,425.0,,,,,35.55,1
2020 / 12,Manhattan,4,3106.59,740.64,424.11,,,,,,1
2020 / 12,Manhattan,5,1365.56,296.3,209.55,,,,,,1
2020 / 12,Manhattan,6,3040.04,893.21,478.23,,,,,,1
2020 / 12,Manhattan,7,4638.44,1171.95,844.62,,,,,,1
2020 / 12,Manhattan,8,5426.36,1258.96,872.54,,,,,,1
2020 / 12,Manhattan,9,2395.79,291.42,280.8,,,,,,1
2020 / 12,Manhattan,10,6860.73,374.0,330.1,,,13.5,,,1
2020 / 12,Manhattan,11,2502.0,285.54,238.39,,,,,,1
2020 / 12,Manhattan,12,5344.42,649.86,664.08,,,,,,1
2021 / 01,Manhattan,1,1272.91,385.33,268.08,,,,27.3,,1
2021 / 01,Manhattan,2,1844.56,404.48,299.46,,,,26.44,,1
2021 / 01,Manhattan,3,5480.19,456.68,395.55,,,,11.31,30.59,1
2021 / 01,Manhattan,4,2857.17,696.46,433.74,,,,21.6,,1
2021 / 01,Manhattan,5,1267.07,260.91,185.86,,,,13.62,,1
2021 / 01,Manhattan,6,2799.86,794.38,442.35,,,,30.61,,1
2021 / 01,Manhattan,7,4310.7,1052.76,816.84,,,,81.6,,1
2021 / 01,Manhattan,8,4905.62,1081.49,819.84,,,,96.0,,1
2021 / 01,Manhattan,9,2215.51,320.41,317.98,,,,18.5,,1
2021 / 01,Manhattan,10,6190.94,306.6,330.48,,,15.0,28.8,,1
2021 / 01,Manhattan,11,2415.97,232.01,210.44,,,,12.25,,1
2021 / 01,Manhattan,12,4876.49,510.63,572.35,,,,25.6,,1
2021 / 02,Manhattan,1,1213.5,322.52,235.11,,,,,,1
2021 / 02,Manhattan,2,1818.15,389.81,284.3,,,,,,1
2021 / 02,Manhattan,3,5108.69,398.96,351.44,,,,,28.86,1
2021 / 02,Manhattan,4,2718.48,613.55,348.38,,,,,,1
2021 / 02,Manhattan,5,1200.68,235.18,166.0,,,,,,1
2021 / 02,Manhattan,6,2641.99,686.84,395.41,,,,,,1
2021 / 02,Manhattan,7,3934.64,891.46,716.38,,,,,,1
2021 / 02,Manhattan,8,4531.96,948.55,725.68,,,,,,1
2021 / 02,Manhattan,9,1981.32,233.24,246.61,,,,,,1
2021 / 02,Manhattan,10,5502.54,247.87,236.89,,,,,,1
2021 / 02,Manhattan,11,2056.98,203.84,183.65,,,,,,1
2021 / 02,Manhattan,12,4374.25,435.35,472.04,,,,,,1
2021 / 03,Manhattan,1,1445.66,363.6,241.72,,,,,,1
2021 / 03,Manhattan,2,2132.65,489.74,348.79,,,,,,1
2021 / 03,Manhattan,3,6056.99,462.4,397.73,,,,,30.24,1
2021 / 03,Manhattan,4,3147.66,646.61,384.52,,,,,,1
2021 / 03,Manhattan,5,1417.31,288.32,203.37,,,,,,1
2021 / 03,Manhattan,6,3161.55,749.05,391.63,,,,,,1
2021 / 03,Manhattan,7,4748.92,1014.85,774.58,,,,,,1
2021 / 03,Manhattan,8,5320.44,1059.87,776.11,,,,,,1
2021 / 03,Manhattan,9,2398.27,253.21,263.49,,,,,,1
2021 / 03,Manhattan,10,6690.06,303.11,307.26,,,,,,1
2021 / 03,Manhattan,11,2550.17,250.67,226.64,,,,,,1
2021 / 03,Manhattan,12,5397.27,522.41,560.43,,,,,,1
2021 / 04,Manhattan,1,1388.24,412.97,283.78,,,,,,1
2021 / 04,Manhattan,2,2090.96,450.12,317.21,,,,,,1
2021 / 04,Manhattan,3,5888.83,493.55,392.08,,,,,28.07,1
2021 / 04,Manhattan,4,3052.14,720.16,425.21,,,,,,1
2021 / 04,Manhattan,5,1420.74,289.03,184.23,,,,,,1
2021 / 04,Manhattan,6,3034.62,842.91,443.83,,,,,,1
2021 / 04,Manhattan,7,4498.33,1047.61,784.19,,,,,,1
2021 / 04,Manhattan,8,5164.17,1089.7,769.19,,,,,,1
2021 / 04,Manhattan,9,2299.62,281.84,293.6,,,,,,1
2021 / 04,Manhattan,10,6447.13,317.87,325.68,,,,,,1
2021 / 04,Manhattan,11,2492.69,216.9,191.67,,,,,,1
2021 / 04,Manhattan,12,5108.29,522.09,544.7,,,,,,1
2021 / 05,Manhattan,1,1439.0,393.6,247.81,,,,,,1
2021 / 05,Manhattan,2,2188.73,464.84,319.23,,,,,,1
2021 / 05,Manhattan,3,5904.65,492.17,373.83,,,,,32.2,1
2021 / 05,Manhattan,4,3141.37,683.9,385.29,,,,,,1
2021 / 05,Manhattan,5,1470.04,267.89,172.56,,,,,,1
2021 / 05,Manhattan,6,3069.22,785.81,399.65,,,,,,1
2021 / 05,Manhattan,7,4547.68,1031.15,744.83,,,,,,1
2021 / 05,Manhattan,8,5253.9,1088.85,761.26,,,,,,1
2021 / 05,Manhattan,9,2305.15,280.21,276.22,,,,,,1
2021 / 05,Manhattan,10,6433.58,268.95,340.37,,,,,,1
2021 / 05,Manhattan,11,2453.77,230.94,195.85,,,,,,1
2021 / 05,Manhattan,12,4979.16,483.81,506.48,,,,,,1
2021 / 06,Manhattan,1,1535.88,380.39,239.12,,,,,,1
2021 / 06,Manhattan,2,2321.61,521.09,338.6,,,,,,1
2021 / 06,Manhattan,3,6464.21,545.51,397.39,,,,,31.01,1
2021 / 06,Manhattan,4,3479.64,723.22,367.87,,,,,,1
2021 / 06,Manhattan,5,1565.39,319.79,190.93,,,,,,1
2021 / 06,Manhattan,6,3326.99,808.79,378.79,,,,,,1
2021 / 06,Manhattan,7,5060.58,1076.57,743.32,,,,,,1
2021 / 06,Manhattan,8,5643.07,1129.12,743.56,,,,,,1
2021 / 06,Manhattan,9,2589.01,279.39,263.51,,,,,,1
2021 / 06,Manhattan,10,6972.2,303.45,307.97,,,,,,1
2021 / 06,Manhattan,11,2726.12,278.69,219.31,,,,,,1
2021 / 06,Manhattan,12,5620.63,538.71,555.8,,,,,,1
2021 / 07,Manhattan,1,1470.34,424.54,262.08,,,,,,1
2021 / 07,Manhattan,2,2103.79,410.88,264.52,,,,,,1
2021 / 07,Manhattan,3,6307.35,538.0,385.81,,,,,30.89,1
2021 / 07,Manhattan,4,3411.0,797.42,408.62,,,,,,1
2021 / 07,Manhattan,5,1538.93,290.94,168.02,,,,,,1
2021 / 07,Manhattan,6,3246.22,932.47,437.23,,,,,,1
2021 / 07,Manhattan,7,4611.96,1076.66,731.72,,,,,,1
2021 / 07,Manhattan,8,5234.4,1096.0,715.86,,,,,,1
2021 / 07,Manhattan,9,2482.28,303.5,309.24,,,,,,1
2021 / 07,Manhattan,10,6926.83,325.15,297.22,,,,,,1
2021 / 07,Manhattan,11,2601.1,221.71,190.83,,,,,,1
2021 / 07,Manhattan,12,5402.97,505.52,539.41,,,,,,1
2021 / 08,Manhattan,1,1412.55,352.77,208.47,,,,,,1
2021 / 08,Manhattan,2,2054.9,428.93,283.04,,,,,,1
2021 / 08,Manhattan,3,6120.99,486.81,332.01,,,,,31.23,1
2021 / 08,Manhattan,4,3225.32,653.79,333.78,,,,,,1
2021 / 08,Manhattan,5,1505.28,290.36,170.58,,,,,,1
2021 / 08,Manhattan,6,3220.55,761.47,345.64,,,,,,1
2021 / 08,Manhattan,7,4418.84,959.78,651.64,,,,,,1
2021 / 08,Manhattan,8,5062.05,962.25,624.71,,,,,,1
2021 / 08,Manhattan,9,2393.18,255.17,241.08,,,,,,1
2021 / 08,Manhattan,10,6685.77,287.13,271.71,,,,,,1
2021 / 08,Manhattan,11,2501.8,208.4,179.28,,,,,,1
2021 / 08,Manhattan,12,5206.86,450.43,485.42,,,,,,1
2021 / 09,Manhattan,1,1529.16,461.18,240.27,,,,,,1
2021 / 09,Manhattan,2,2318.46,520.93,316.77,,9.65,,,,1
2021 / 09,Manhattan,3,6279.22,608.08,413.85,,14.36,,,23.64,1
2021 / 09,Manhattan,4,3434.13,815.29,386.39,,,,,,1
2021 / 09,Manhattan,5,1592.37,329.97,185.89,,,,,,1
2021 / 09,Manhattan,6,3322.88,916.39,400.37,,,,,,1
2021 / 09,Manhattan,7,4871.66,1167.79,720.32,,14.5,,,,1
2021 / 09,Manhattan,8,5574.58,1228.07,728.11,,,,,,1
2021 / 09,Manhattan,9,2471.91,370.37,287.09,,12.72,,,,1
2021 / 09,Manhattan,10,6770.54,343.16,287.14,,17.65,,,4.0,1
2021 / 09,Manhattan,11,2549.54,254.78,191.17,,,,,,1
2021 / 09,Manhattan,12,5264.08,548.31,553.43,,33.87,,,,1
2021 / 10,Manhattan,1,1615.61,397.09,253.27,,,,,,1
2021 / 10,Manhattan,2,2362.8,476.38,295.59,,15.35,,,,1
2021 / 10,Manhattan,3,6358.61,536.69,371.6,,22.79,,,490.55,1
2021 / 10,Manhattan,4,3523.75,753.75,400.35,,,,,,1
2021 / 10,Manhattan,5,1639.25,287.99,168.11,,,,,,1
2021 / 10,Manhattan,6,3283.15,854.67,417.26,,,,,,1
2021 / 10,Manhattan,7,5085.82,1125.96,751.99,,21.12,,,,1
2021 / 10,Manhattan,8,5605.15,1210.57,752.86,,,,,,1
2021 / 10,Manhattan,9,2508.57,321.52,306.96,,23.96,,,,1
2021 / 10,Manhattan,10,6783.83,298.66,273.28,,20.86,,,,1
2021 / 10,Manhattan,11,2450.94,218.61,185.52,,,,,,1
2021 / 10,Manhattan,12,5196.29,452.62,467.06,,50.18,,,,1
2021 / 11,Manhattan,1,1593.7,354.9,221.85,,,,,,1
2021 / 11,Manhattan,2,2448.07,475.31,302.28,,,,,,1
2021 / 11,Manhattan,3,6245.49,450.22,326.78,,,,,21.65,1
2021 / 11,Manhattan,4,3388.03,608.4,315.23,,,,,,1
2021 / 11,Manhattan,5,1633.37,276.43,178.83,,,,,,1
2021 / 11,Manhattan,6,3378.85,728.19,333.37,,,,,,1
2021 / 11,Manhattan,7,5006.51,995.64,694.46,,,,,,1
2021 / 11,Manhattan,8,5803.69,1057.54,703.89,,,,,,1
2021 / 11,Manhattan,9,2454.59,239.6,220.08,,,,,,1
2021 / 11,Manhattan,10,6672.43,268.78,243.05,,,,,,1
2021 / 11,Manhattan,11,2555.33,201.59,174.29,,,,,,1
2021 / 11,Manhattan,12,5357.69,425.81,434.51,,,,,,1
2021 / 12,Manhattan,1,1520.99,469.1,282.58,,,,,,1
2021 / 12,Manhattan,2,2324.3,511.08,330.26,,11.87,,,,1
2021 / 12,Manhattan,3,5947.03,552.56,403.42,,16.77,,,22.89,1
2021 / 12,Manhattan,4,3458.81,811.12,436.68,,,,,,1
2021 / 12,Manhattan,5,1672.1,326.66,201.25,,,,,,1
2021 / 12,Manhattan,6,3240.51,958.75,476.1,4.8,,,,,1
2021 / 12,Manhattan,7,4948.13,1239.28,827.3,14.55,8.79,,,,1
2021 / 12,Manhattan,8,5629.97,1298.39,832.62,,,,,,1
2021 / 12,Manhattan,9,2464.54,322.2,311.67,,12.39,,,,1
2021 / 12,Manhattan,10,6892.28,384.81,318.83,,20.37,9.45,,,1
2021 / 12,Manhattan,11,2525.51,264.27,196.9,,,,,,1
2021 / 12,Manhattan,12,5200.0,582.6,585.96,,29.38,,,,1
2022 / 01,Manhattan,1,1389.24,347.06,219.09,,,,32.78,,1
2022 / 01,Manhattan,2,1980.76,424.37,294.9,,27.4,,26.28,,1
2022 / 01,Manhattan,3,5353.72,431.24,337.6,,37.66,,11.1,21.04,1
2022 / 01,Manhattan,4,3069.14,588.85,321.32,,,3.57,22.97,,1
2022 / 01,Manhattan,5,1374.27,241.3,172.41,,,,17.44,,1
2022 / 01,Manhattan,6,2946.88,699.64,348.91,5.68,,,28.64,,1
2022 / 01,Manhattan,7,4377.57,960.18,694.33,24.88,35.47,,42.8,,1
2022 / 01,Manhattan,8,4932.87,980.45,705.38,,,,89.19,,1
2022 / 01,Manhattan,9,2123.18,249.38,247.04,,50.31,,15.9,,1
2022 / 01,Manhattan,10,5922.63,255.85,255.24,,35.35,6.0,10.8,9.18,1
2022 / 01,Manhattan,11,2239.69,201.21,175.51,,,,9.83,,1
2022 / 01,Manhattan,12,4415.63,422.16,463.29,,49.09,,15.12,,1
2022 / 02,Manhattan,1,1421.56,365.31,266.25,,,,,,1
2022 / 02,Manhattan,2,2055.18,411.7,298.66,,28.93,,,,1
2022 / 02,Manhattan,3,5467.31,482.44,350.55,,49.62,,,26.81,1
2022 / 02,Manhattan,4,3211.99,657.11,403.39,,,,,,1
2022 / 02,Manhattan,5,1400.7,262.33,171.74,,,,,,1
2022 / 02,Manhattan,6,2986.84,773.94,419.87,5.3,,,,,1
2022 / 02,Manhattan,7,4424.53,965.6,749.65,32.39,34.29,,,,1
2022 / 02,Manhattan,8,5173.77,1038.26,780.58,,,,,,1
2022 / 02,Manhattan,9,2113.83,275.49,269.05,,40.23,,,,1
2022 / 02,Manhattan,10,5754.26,271.02,246.22,,34.51,,,,1
2022 / 02,Manhattan,11,2259.5,202.09,171.72,,,,,,1
2022 / 02,Manhattan,12,4613.2,416.88,456.49,,39.7,,,,1
2022 / 03,Manhattan,1,1559.74,359.58,234.06,,,,,,1
2022 / 03,Manhattan,2,2143.35,456.1,319.61,,28.34,,,,1
2022 / 03,Manhattan,3,6030.11,511.84,373.25,,40.11,,,25.91,1
2022 / 03,Manhattan,4,3429.77,638.74,374.37,,,,,,1
2022 / 03,Manhattan,5,1612.63,301.45,196.49,,,,,,1
2022 / 03,Manhattan,6,3299.01,752.08,401.05,8.74,,,,,1
2022 / 03,Manhattan,7,4689.34,981.13,733.09,37.62,33.09,,,,1
2022 / 03,Manhattan,8,5417.05,1010.17,757.31,,,,,,1
2022 / 03,Manhattan,9,2283.57,254.13,244.46,,20.84,,,,1
2022 / 03,Manhattan,10,6348.43,305.06,281.75,,22.43,,,,1
2022 / 03,Manhattan,11,2585.12,221.34,198.68,,,,,,1
2022 / 03,Manhattan,12,4885.62,472.91,513.39,,52.74,,,,1
2022 / 04,Manhattan,1,1475.66,375.61,251.74,,,,,,1
2022 / 04,Manhattan,2,2148.08,416.75,291.86,,18.68,,,,1
2022 / 04,Manhattan,3,5824.13,474.78,357.97,,28.97,,,26.41,1
2022 / 04,Manhattan,4,3196.22,664.25,371.4,,,,,,1
2022 / 04,Manhattan,5,1584.6,265.36,172.4,,,,,,1
2022 / 04,Manhattan,6,3179.07,765.86,401.65,9.02,,,,,1
2022 / 04,Manhattan,7,4540.63,1010.69,747.18,40.86,25.21,,,,1
2022 / 04,Manhattan,8,5415.89,1036.95,751.27,,,,,,1
2022 / 04,Manhattan,9,2204.17,273.95,267.28,,16.04,,,,1
2022 / 04,Manhattan,10,6222.35,290.2,269.68,,22.9,,,,1
2022 / 04,Manhattan,11,2416.94,193.18,166.03,,,,,,1
2022 / 04,Manhattan,12,4694.18,409.47,444.82,,21.23,,,,1
2022 / 05,Manhattan,1,1563.5,339.79,222.6,,,,,,1
2022 / 05,Manhattan,2,2242.74,428.81,296.21,,24.95,,,,1
2022 / 05,Manhattan,3,6099.4,483.11,331.43,,25.9,,,26.31,1
2022 / 05,Manhattan,4,3333.02,607.72,331.96,,,,,,1
2022 / 05,Manhattan,5,1625.93,272.75,179.87,,,,,,1
2022 / 05,Manhattan,6,3293.94,720.93,359.09,12.24,,,,,1
2022 / 05,Manhattan,7,4617.43,943.25,697.35,40.57,28.92,,,,1
2022 / 05,Manhattan,8,5569.59,980.06,713.21,,,,,,1
2022 / 05,Manhattan,9,2259.2,254.44,240.7,,18.85,,,,1
2022 / 05,Manhattan,10,6057.01,272.76,248.1,,30.26,,,,1
2022 / 05,Manhattan,11,2452.68,196.88,174.1,,,,,,1
2022 / 05,Manhattan,12,4707.66,426.32,448.18,,15.98,,,,1
2022 / 06,Manhattan,1,1588.39,374.4,239.81,,,,,,1
2022 / 06,Manhattan,2,2344.61,477.69,306.81,,22.43,,,,1
2022 / 06,Manhattan,3,6291.85,573.57,394.28,,21.84,,,22.48,1
2022 / 06,Manhattan,4,3695.85,673.25,368.29,,,,,,1
2022 / 06,Manhattan,5,1716.58,271.0,176.51,,,,,,1
2022 / 06,Manhattan,6,3445.13,775.58,392.41,9.79,,,,,1
2022 / 06,Manhattan,7,4928.88,1017.33,724.04,47.5,21.63,,,,1
2022 / 06,Manhattan,8,5565.04,1015.15,733.99,,,,,,1
2022 / 06,Manhattan,9,2427.03,285.13,261.25,,14.4,,,,1
2022 / 06,Manhattan,10,6524.83,312.11,265.74,,25.08,,,,1
2022 / 06,Manhattan,11,2727.01,217.38,192.08,,,,,,1
2022 / 06,Manhattan,12,5250.09,493.49,509.44,,14.56,,,,1
2022 / 07,Manhattan,1,1401.99,334.92,226.8,,,,,,1
2022 / 07,Manhattan,2,1987.46,344.1,243.19,,,,,,1
2022 / 07,Manhattan,3,5897.49,478.98,365.15,,,,,22.21,1
2022 / 07,Manhattan,4,3299.87,629.45,355.22,,,,,,1
2022 / 07,Manhattan,5,1616.71,241.38,156.92,,,,,,1
2022 / 07,Manhattan,6,3122.33,737.89,371.66,8.18,,,,,1
2022 / 07,Manhattan,7,4280.34,898.75,660.2,39.81,,,,,1
2022 / 07,Manhattan,8,4747.73,919.47,658.9,,,,,,1
2022 / 07,Manhattan,9,2234.51,264.22,269.33,,,,,,1
2022 / 07,Manhattan,10,6038.15,269.36,253.15,,,,,,1
2022 / 07,Manhattan,11,2481.95,208.44,172.71,,,,,,1
2022 / 07,Manhattan,12,4686.68,396.93,447.05,,,,,,1
2022 / 08,Manhattan,1,1487.75,314.23,194.54,,,,,,1
2022 / 08,Manhattan,2,2117.7,408.42,272.91,,,,,,1
2022 / 08,Manhattan,3,6344.47,489.17,355.04,,,,,29.36,1
2022 / 08,Manhattan,4,3326.82,608.88,326.28,,,,,,1
2022 / 08,Manhattan,5,1684.39,276.09,172.26,,,,,,1
2022 / 08,Manhattan,6,3347.24,694.53,340.56,8.69,,,,,1
2022 / 08,Manhattan,7,4494.25,885.17,641.06,44.6,,,,,1
2022 / 08,Manhattan,8,5043.6,904.82,629.63,,,,,,1
2022 / 08,Manhattan,9,2335.2,240.77,239.25,,,,,,1
2022 / 08,Manhattan,10,6377.75,270.67,279.41,,,,,,1
2022 / 08,Manhattan,11,2570.12,223.61,187.54,,,,,,1
2022 / 08,Manhattan,12,5006.13,415.29,474.23,,,,,,1
2022 / 09,Manhattan,1,1581.86,426.73,243.95,,,,,,1
2022 / 09,Manhattan,2,2184.9,450.67,264.92,,21.98,,,,1
2022 / 09,Manhattan,3,6058.69,536.33,364.82,,21.23,,,22.09,1
2022 / 09,Manhattan,4,3410.88,721.0,367.21,,,,,,1
2022 / 09,Manhattan,5,1657.11,286.53,167.25,,,,,,1
2022 / 09,Manhattan,6,3277.41,864.41,402.15,6.71,,,,,1
2022 / 09,Manhattan,7,4636.25,1053.7,694.21,41.1,33.17,,,,1
2022 / 09,Manhattan,8,5374.08,1087.63,704.48,,,,,,1
2022 / 09,Manhattan,9,2306.9,317.77,267.29,,19.67,,,,1
2022 / 09,Manhattan,10,6112.88,278.05,272.97,,,,,,1
2022 / 09,Manhattan,11,2523.33,222.67,172.61,,11.32,,,,1
2022 / 09,Manhattan,12,4795.87,443.93,473.35,,14.53,,,,1
2022 / 10,Manhattan,1,1560.4,377.76,231.15,,,,,,1
2022 / 10,Manhattan,2,2295.88,467.28,285.94,,27.32,,,,1
2022 / 10,Manhattan,3,6090.3,474.86,347.45,,25.49,,,23.8,1
2022 / 10,Manhattan,4,3342.67,651.73,335.7,,,,,,1
2022 / 10,Manhattan,5,1696.41,273.86,160.73,,,,,,1
2022 / 10,Manhattan,6,3311.2,770.08,363.52,9.07,,,,,1
2022 / 10,Manhattan,7,4686.88,1014.88,716.95,48.17,42.54,,,,1
2022 / 10,Manhattan,8,5634.93,1088.77,746.52,,,,,,1
2022 / 10,Manhattan,9,2282.6,271.46,241.93,,21.32,,,,1
2022 / 10,Manhattan,10,6171.66,269.11,247.89,,,,,,1
2022 / 10,Manhattan,11,2524.58,206.53,174.37,,9.93,,,,1
2022 / 10,Manhattan,12,4788.18,405.66,436.71,,14.84,,,,1
2022 / 11,Manhattan,1,1513.39,310.83,197.11,,,,,,1
2022 / 11,Manhattan,2,2248.87,439.85,297.17,,24.96,,,,1
2022 / 11,Manhattan,3,6023.51,439.94,330.25,,23.97,,,22.22,1
2022 / 11,Manhattan,4,3377.58,582.43,306.68,,,,,,1
2022 / 11,Manhattan,5,1664.84,277.43,186.72,,,,,,1
2022 / 11,Manhattan,6,3259.19,680.41,322.18,9.92,,,,,1
2022 / 11,Manhattan,7,4768.63,939.03,667.9,64.27,45.43,,,,1
2022 / 11,Manhattan,8,5576.69,1035.47,705.27,,,,,,1
2022 / 11,Manhattan,9,2309.45,234.15,220.62,,25.59,,,,1
2022 / 11,Manhattan,10,6258.5,259.43,240.37,,,12.0,,,1
2022 / 11,Manhattan,11,2627.31,224.4,189.62,,7.61,,,,1
2022 / 11,Manhattan,12,4949.09,401.44,449.5,,21.06,,,,1
2022 / 12,Manhattan,1,1499.28,464.13,279.74,,,,,,1
2022 / 12,Manhattan,2,2150.6,457.71,283.71,,26.76,,,,1
2022 / 12,Manhattan,3,5998.86,517.88,364.52,,21.97,,,25.95,1
2022 / 12,Manhattan,4,3332.47,784.74,408.66,,,9.44,,,1
2022 / 12,Manhattan,5,1690.14,308.41,182.46,,,,,,1
2022 / 12,Manhattan,6,3244.35,956.12,465.88,8.47,,,,,1
2022 / 12,Manhattan,7,4658.72,1183.49,792.15,57.47,37.41,,,,1
2022 / 12,Manhattan,8,5526.01,1262.56,833.38,,,,,,1
2022 / 12,Manhattan,9,2353.22,332.66,293.41,,22.38,,,0.3,1
2022 / 12,Manhattan,10,6351.6,319.99,275.96,,,22.0,,1.92,1
2022 / 12,Manhattan,11,2634.98,240.66,186.1,,6.06,,,0.17,1
2022 / 12,Manhattan,12,4908.24,542.18,534.02,,16.1,,,0.29,1
2023 / 01,Manhattan,1,1458.69,352.81,228.75,,,,25.25,,1
2023 / 01,Manhattan,2,2089.54,434.77,293.37,,27.33,,28.26,,1
2023 / 01,Manhattan,3,5833.57,442.74,317.3,,25.2,,9.48,25.78,1
2023 / 01,Manhattan,4,3200.24,606.92,326.01,,,,24.27,,1
2023 / 01,Manhattan,5,1541.67,260.37,169.2,,,,11.72,,1
2023 / 01,Manhattan,6,3195.97,713.84,347.8,7.61,,,22.47,,1
2023 / 01,Manhattan,7,4543.23,967.84,730.07,48.69,41.8,,60.32,,1
2023 / 01,Manhattan,8,5466.04,989.59,727.54,,,,75.07,,1
2023 / 01,Manhattan,9,2202.35,244.92,239.3,,25.77,,12.74,1.07,1
2023 / 01,Manhattan,10,6094.37,255.36,248.56,,,,14.4,1.28,1
2023 / 01,Manhattan,11,2554.38,203.84,180.42,,7.32,,11.18,0.16,1
2023 / 01,Manhattan,12,4744.11,417.24,468.25,,16.29,,44.81,1.01,1
2023 / 02,Manhattan,1,1293.86,306.72,214.8,,,,,,1
2023 / 02,Manhattan,2,1888.64,355.18,259.65,,22.57,,,,1
2023 / 02,Manhattan,3,5110.13,393.03,310.89,,18.64,,,23.65,1
2023 / 02,Manhattan,4,2899.64,537.37,315.29,,,,,,1
2023 / 02,Manhattan,5,1352.58,221.03,155.66,,,,,,1
2023 / 02,Manhattan,6,2835.82,626.37,337.02,8.01,,,,,1
2023 / 02,Manhattan,7,3955.4,801.67,639.14,50.75,32.51,,,,1
2023 / 02,Manhattan,8,4712.12,855.06,651.93,,,,,,1
2023 / 02,Manhattan,9,1927.55,211.88,219.42,,22.17,,,0.1,1
2023 / 02,Manhattan,10,5236.81,217.55,228.26,,,,,0.81,1
2023 / 02,Manhattan,11,2232.96,177.08,156.32,,6.68,,,5.52,1
2023 / 02,Manhattan,12,4092.88,351.51,409.78,,11.25,,,0.5,1
2023 / 03,Manhattan,1,1451.16,363.59,252.73,,,,,,1
2023 / 03,Manhattan,2,2072.11,408.27,283.92,,35.38,,,,1
2023 / 03,Manhattan,3,5799.17,465.8,367.66,,25.58,,,23.78,1
2023 / 03,Manhattan,4,3231.74,641.81,369.71,,,,,,1
2023 / 03,Manhattan,5,1546.11,261.89,176.72,,,,,,1
2023 / 03,Manhattan,6,3200.51,753.71,411.6,9.64,,,,,1
2023 / 03,Manhattan,7,4455.81,946.65,709.66,60.74,39.06,,,,1
2023 / 03,Manhattan,8,5249.46,1004.91,736.25,,,,,,1
2023 / 03,Manhattan,9,2189.55,259.41,255.52,,35.08,,,,1
2023 / 03,Manhattan,10,6049.64,271.82,267.99,,,,,,1
2023 / 03,Manhattan,11,2575.52,218.93,182.41,,12.85,,,4.29,1
2023 / 03,Manhattan,12,4744.81,438.84,490.76,,26.8,,,,1
2023 / 04,Manhattan,1,1367.91,331.71,240.37,,,,,,1
2023 / 04,Manhattan,2,2044.13,369.57,270.65,,17.24,,,,1
2023 / 04,Manhattan,3,5324.91,418.04,324.29,,19.67,,,29.6,1
2023 / 04,Manhattan,4,3047.2,570.61,335.62,,,,,,1
2023 / 04,Manhattan,5,1529.61,222.68,151.39,,,,,,1
2023 / 04,Manhattan,6,3039.73,659.88,355.52,9.04,,,,,1
2023 / 04,Manhattan,7,4222.01,877.04,671.23,59.47,25.12,,,,1
2023 / 04,Manhattan,8,5080.36,946.58,697.59,,,,,,1
2023 / 04,Manhattan,9,2030.8,229.54,237.63,,27.15,,,,1
2023 / 04,Manhattan,10,5688.09,235.68,227.94,,,,,,1
2023 / 04,Manhattan,11,2380.09,196.47,167.47,,12.33,,,6.85,1
2023 / 04,Manhattan,12,4319.77,370.84,427.5,,14.47,,,,1
2023 / 05,Manhattan,1,1569.35,323.72,234.05,,,,,,1
2023 / 05,Manhattan,2,2358.54,434.2,309.29,,27.55,,,,1
2023 / 05,Manhattan,3,6321.29,439.21,351.48,,35.58,,,24.13,1
2023 / 05,Manhattan,4,3659.91,600.48,332.65,,,,,,1
2023 / 05,Manhattan,5,1765.68,265.33,180.83,,,,,,1
2023 / 05,Manhattan,6,3444.89,684.43,360.38,11.68,,,,,1
2023 / 05,Manhattan,7,4832.32,924.67,693.58,64.68,40.58,,,,1
2023 / 05,Manhattan,8,5529.93,992.34,724.49,,,,,,1
2023 / 05,Manhattan,9,2313.66,234.55,243.46,,55.85,,,,1
2023 / 05,Manhattan,10,6173.59,266.94,275.54,,,,,,1
2023 / 05,Manhattan,11,2675.44,218.87,189.33,,34.91,,,1.56,1
2023 / 05,Manhattan,12,4986.91,413.7,470.53,,32.33,,,,1
2023 / 06,Manhattan,1,1494.03,377.26,271.09,,,,,,1
2023 / 06,Manhattan,2,2217.0,400.81,272.75,,16.04,,,3.57,1
2023 / 06,Manhattan,3,5914.93,472.61,347.83,,26.9,,,23.1,1
2023 / 06,Manhattan,4,3394.81,656.66,372.47,,,,,2.14,1
2023 / 06,Manhattan,5,1680.62,255.99,167.39,,,,,,1
2023 / 06,Manhattan,6,3278.54,742.93,399.56,10.5,,,,,1
2023 / 06,Manhattan,7,4665.12,959.96,707.37,56.29,32.0,,,,1
2023 / 06,Manhattan,8,5508.2,987.98,714.59,,,,,2.55,1
2023 / 06,Manhattan,9,2225.18,271.7,271.98,,43.46,,,,1
2023 / 06,Manhattan,10,5903.85,262.51,275.43,,,,,,1
2023 / 06,Manhattan,11,2572.28,220.2,167.34,,28.6,,,8.41,1
2023 / 06,Manhattan,12,4777.91,460.56,473.23,,28.45,,,,1
2023 / 07,Manhattan,1,1372.44,306.5,209.12,,,,,,1
2023 / 07,Manhattan,2,2017.53,347.28,238.5,,,,,15.55,1
2023 / 07,Manhattan,3,6020.17,430.77,326.24,,,,,24.65,1
2023 / 07,Manhattan,4,3263.34,585.49,320.94,,,,,19.79,1
2023 / 07,Manhattan,5,1621.29,222.44,140.12,,,,,,1
2023 / 07,Manhattan,6,3105.2,704.58,345.24,8.29,,,,,1
2023 / 07,Manhattan,7,4347.82,879.36,646.42,54.61,,,,,1
2023 / 07,Manhattan,8,4916.52,877.98,635.79,,,,,17.07,1
2023 / 07,Manhattan,9,2188.56,235.98,249.23,,,,,,1
2023 / 07,Manhattan,10,6001.14,278.79,252.79,,,,,,1
2023 / 07,Manhattan,11,2378.22,197.69,168.85,,,,,26.13,1
2023 / 07,Manhattan,12,4774.37,381.61,442.86,,,,,,1
2023 / 08,Manhattan,1,1443.05,314.32,209.85,,,,,,1
2023 / 08,Manhattan,2,2120.98,388.02,260.83,,,,,19.59,1
2023 / 08,Manhattan,3,6094.6,485.64,363.33,,,,,21.59,1
2023 / 08,Manhattan,4,3488.22,636.36,339.96,,,,,24.07,1
2023 / 08,Manhattan,5,1634.94,279.41,167.83,,,,,,1
2023 / 08,Manhattan,6,3263.12,747.08,369.84,11.14,,,,,1
2023 / 08,Manhattan,7,4437.37,880.4,639.51,54.9,,,,,1
2023 / 08,Manhattan,8,5068.3,925.14,640.18,,,,,24.38,1
2023 / 08,Manhattan,9,2268.5,252.16,244.18,,,,,,1
2023 / 08,Manhattan,10,6150.03,289.69,296.2,,,,,,1
2023 / 08,Manhattan,11,2453.96,224.24,186.69,,,,,28.89,1
2023 / 08,Manhattan,12,4826.41,436.36,509.24,,,,,,1
2023 / 09,Manhattan,1,1527.43,392.13,249.76,,,,,,1
2023 / 09,Manhattan,2,2198.95,428.57,253.45,,32.0,,,9.58,1
2023 / 09,Manhattan,3,5989.28,521.08,316.4,,40.28,,,24.8,1
2023 / 09,Manhattan,4,3489.91,701.94,349.08,,,,,13.22,1
2023 / 09,Manhattan,5,1681.95,268.99,156.87,,,,,,1
2023 / 09,Manhattan,6,3194.35,810.46,372.3,7.62,,,,,1
2023 / 09,Manhattan,7,4632.01,1048.94,699.06,60.15,36.02,,,,1
2023 / 09,Manhattan,8,5515.38,1107.2,710.19,,,,,12.6,1
2023 / 09,Manhattan,9,2262.11,335.34,270.93,,81.24,,,3.98,1
2023 / 09,Manhattan,10,6210.5,293.57,264.21,,43.04,,,,1
2023 / 09,Manhattan,11,2482.99,202.88,161.12,,,,,13.04,1
2023 / 09,Manhattan,12,4808.77,438.83,461.69,,32.98,,,,1
2023 / 10,Manhattan,1,1549.98,324.44,215.44,,,,,,1
2023 / 10,Manhattan,2,2302.7,424.75,277.85,,35.9,,,8.01,1
2023 / 10,Manhattan,3,6199.46,433.0,307.48,,52.84,,,25.08,1
2023 / 10,Manhattan,4,3581.8,614.87,305.56,,,,,9.97,1
2023 / 10,Manhattan,5,1733.42,274.96,168.01,,,,,,1
2023 / 10,Manhattan,6,3334.91,717.67,337.04,9.54,,,,,1
2023 / 10,Manhattan,7,4733.43,932.26,662.61,58.35,47.17,,,,1
2023 / 10,Manhattan,8,5581.82,1008.32,683.9,,,,,10.56,1
2023 / 10,Manhattan,9,2301.66,244.07,219.7,,116.16,,,5.48,1
2023 / 10,Manhattan,10,6196.44,269.05,253.04,,81.29,,,,1
2023 / 10,Manhattan,11,2466.28,188.07,157.67,,,,,10.15,1
2023 / 10,Manhattan,12,4888.43,405.75,445.84,,66.77,,,,1
2023 / 11,Manhattan,1,1452.6,338.11,236.72,,,,,,1
2023 / 11,Manhattan,2,2213.57,420.8,280.54,,32.51,,,10.46,1
2023 / 11,Manhattan,3,5925.83,470.52,338.9,,48.9,,,21.17,1
2023 / 11,Manhattan,4,3292.21,624.27,338.54,,,,,11.78,1
2023 / 11,Manhattan,5,1695.0,259.5,159.41,,,,,,1
2023 / 11,Manhattan,6,3159.65,731.56,366.1,8.52,,,,,1
2023 / 11,Manhattan,7,4706.47,957.45,692.37,71.14,43.91,,,,1
2023 / 11,Manhattan,8,5436.48,1051.49,725.14,,,,,10.16,1
2023 / 11,Manhattan,9,2249.24,241.68,232.09,,98.27,,,5.16,1
2023 / 11,Manhattan,10,6162.2,275.39,251.46,,67.8,,,,1
2023 / 11,Manhattan,11,2448.14,220.24,181.02,,,,,11.5,1
2023 / 11,Manhattan,12,4846.71,451.53,509.5,,44.41,,,,1
2023 / 12,Manhattan,1,1484.71,406.12,243.6,,,,,,1
2023 / 12,Manhattan,2,2213.25,421.54,261.3,,29.44,,,7.68,1
2023 / 12,Manhattan,3,5770.33,456.5,323.05,,42.1,,,26.61,1
2023 / 12,Manhattan,4,3291.29,718.93,359.01,,,,,11.89,1
2023 / 12,Manhattan,5,1760.62,283.78,159.32,,,,,,1
2023 / 12,Manhattan,6,3149.64,825.57,389.77,8.09,,,,,1
2023 / 12,Manhattan,7,4672.27,1090.74,720.79,68.56,37.54,,,,1
2023 / 12,Manhattan,8,5394.95,1174.45,755.54,,,,,9.88,1
2023 / 12,Manhattan,9,2248.23,299.62,269.07,,76.63,,,3.42,1
2023 / 12,Manhattan,10,6172.06,311.1,256.26,,55.63,,,,1
2023 / 12,Manhattan,11,2446.39,227.61,168.41,,,,,9.51,1
2023 / 12,Manhattan,12,4850.61,475.15,481.47,,45.0,,,,1
2024 / 01,Manhattan,1,1479.81,326.15,217.72,,,,25.31,,1
2024 / 01,Manhattan,2,2147.96,428.42,290.48,,32.22,,37.45,7.19,1
2024 / 01,Manhattan,3,5768.43,458.87,319.92,,56.87,,9.42,27.64,1
2024 / 01,Manhattan,4,3332.49,608.1,319.27,,,,12.57,10.55,1
2024 / 01,Manhattan,5,1558.41,270.8,166.74,,,,12.58,,1
2024 / 01,Manhattan,6,3209.95,690.78,336.03,9.63,,,19.63,,1
2024 / 01,Manhattan,7,4649.16,934.63,707.09,61.71,47.58,,54.9,,1
2024 / 01,Manhattan,8,5449.68,1003.34,706.52,,,,82.62,11.09,1
2024 / 01,Manhattan,9,2248.54,238.18,227.8,,92.83,,12.3,2.45,1
2024 / 01,Manhattan,10,6054.93,290.41,258.48,,58.94,,14.4,1.37,1
2024 / 01,Manhattan,11,2522.9,228.91,188.48,,,,14.38,8.67,1
2024 / 01,Manhattan,12,4894.77,434.89,496.82,,43.83,,32.0,,1
2024 / 02,Manhattan,1,1369.44,321.88,230.43,,,,,,1
2024 / 02,Manhattan,2,1930.31,354.45,252.84,,27.26,,,12.59,1
2024 / 02,Manhattan,3,5238.77,417.14,319.56,,37.67,,,24.12,1
2024 / 02,Manhattan,4,3045.85,585.26,321.44,,,,,13.74,1
2024 / 02,Manhattan,5,1457.52,234.31,149.57,,,,,,1
2024 / 02,Manhattan,6,2915.74,675.82,355.84,7.91,,,,,1
2024 / 02,Manhattan,7,4104.32,830.71,642.41,51.29,36.36,,,,1
2024 / 02,Manhattan,8,4825.6,906.39,670.36,,,,,14.8,1
2024 / 02,Manhattan,9,2010.23,216.54,220.59,,70.09,,,2.59,1
2024 / 02,Manhattan,10,5357.3,246.59,237.41,,38.54,,,,1
2024 / 02,Manhattan,11,2238.46,187.88,156.03,,,,,13.46,1
2024 / 02,Manhattan,12,4265.83,387.1,450.98,,31.67,,,,1
2024 / 03,Manhattan,1,1427.66,339.56,232.05,,,,,,1
2024 / 03,Manhattan,2,2030.12,347.82,247.88,,32.58,,,8.93,1
2024 / 03,Manhattan,3,5609.61,419.9,340.29,,49.74,,,27.9,1
2024 / 03,Manhattan,4,3185.77,602.05,336.26,,,,,11.86,1
2024 / 03,Manhattan,5,1569.46,233.05,149.87,,,,,,1
2024 / 03,Manhattan,6,3116.53,690.29,367.92,8.53,,,,,1
2024 / 03,Manhattan,7,4346.58,912.0,670.9,61.5,45.54,,,,1
2024 / 03,Manhattan,8,5077.36,970.01,704.71,,,,,10.28,1
2024 / 03,Manhattan,9,2156.06,254.81,248.04,,89.93,,,6.15,1
2024 / 03,Manhattan,10,5923.98,263.09,249.23,,56.05,,,,1
2024 / 03,Manhattan,11,2417.94,196.41,163.49,,,,,9.23,1
2024 / 03,Manhattan,12,4641.25,394.55,454.79,,44.77,,,,1
2024 / 04,Manhattan,1,1477.69,302.22,217.8,,,,,,1
2024 / 04,Manhattan,2,2156.7,377.49,267.86,,21.2,,,17.64,1
2024 / 04,Manhattan,3,5787.04,398.1,311.72,,34.9,,,25.92,1
2024 / 04,Manhattan,4,3245.02,570.66,300.64,,,,,22.2,1
2024 / 04,Manhattan,5,1673.53,245.81,158.77,,,,,,1
2024 / 04,Manhattan,6,3195.87,637.65,330.11,10.94,,,,,1
2024 / 04,Manhattan,7,4520.05,868.77,662.84,59.93,33.59,,,,1
2024 / 04,Manhattan,8,5322.26,919.98,667.5,,,,,19.81,1
2024 / 04,Manhattan,9,2255.08,208.67,211.07,,63.03,,,2.84,1
2024 / 04,Manhattan,10,5938.38,246.96,262.8,,43.94,,,,1
2024 / 04,Manhattan,11,2478.07,193.7,158.5,,,,,18.51,1
2024 / 04,Manhattan,12,4785.09,377.61,458.74,,30.37,,,,1
2024 / 05,Manhattan,1,1581.13,355.86,249.46,,,,,,1
2024 / 05,Manhattan,2,2336.86,399.14,279.66,,41.43,,,10.28,1
2024 / 05,Manhattan,3,6335.51,475.26,389.41,,59.58,,,23.75,1
2024 / 05,Manhattan,4,3465.09,669.88,373.92,,,,,11.98,1
2024 / 05,Manhattan,5,1818.75,276.24,174.26,,,,,,1
2024 / 05,Manhattan,6,3423.17,740.6,407.15,9.47,,,,,1
2024 / 05,Manhattan,7,4857.22,952.73,712.27,71.7,58.58,,,,1
2024 / 05,Manhattan,8,5677.97,1043.33,735.1,,,,,12.01,1
2024 / 05,Manhattan,9,2443.19,271.11,260.29,,104.67,,,8.5,1
2024 / 05,Manhattan,10,6113.42,290.19,272.19,,68.72,,,,1
2024 / 05,Manhattan,11,2689.71,218.62,177.71,,,,,10.08,1
2024 / 05,Manhattan,12,5142.28,455.26,513.29,,64.36,,,,1
2024 / 06,Manhattan,1,1521.26,328.39,223.68,,,,,,1
2024 / 06,Manhattan,2,2189.2,389.52,254.0,,24.99,,,12.97,1
2024 / 06,Manhattan,3,5907.06,431.07,312.01,,37.88,,,27.84,1
2024 / 06,Manhattan,4,3387.11,605.93,317.59,,,,,15.25,1
2024 / 06,Manhattan,5,1707.16,238.08,145.52,,,,,,1
2024 / 06,Manhattan,6,3193.53,684.65,341.82,7.3,,,,,1
2024 / 06,Manhattan,7,4611.3,906.44,646.4,60.47,39.86,,,,1
2024 / 06,Manhattan,8,5314.76,966.89,675.32,,,,,11.96,1
2024 / 06,Manhattan,9,2294.55,258.89,235.72,,72.87,,,2.85,1
2024 / 06,Manhattan,10,5746.74,255.82,239.57,,38.32,,,,1
2024 / 06,Manhattan,11,2519.13,203.26,166.56,,,,,15.21,1
2024 / 06,Manhattan,12,4802.05,412.07,429.18,,39.23,,,,1
2024 / 07,Manhattan,1,1471.95,295.34,194.19,,,,,,1
2024 / 07,Manhattan,2,2112.27,378.14,244.95,,,,,10.23,1
2024 / 07,Manhattan,3,6176.63,371.77,322.03,,33.62,,,27.06,1
2024 / 07,Manhattan,4,3455.16,606.68,307.32,,26.62,,,13.2,1
2024 / 07,Manhattan,5,1776.46,263.39,156.64,,,,,,1
2024 / 07,Manhattan,6,3323.47,677.0,315.06,11.33,,,,,1
2024 / 07,Manhattan,7,4498.48,834.06,609.08,58.29,47.04,,,,1
2024 / 07,Manhattan,8,5022.57,887.6,602.79,,,,,9.71,1
2024 / 07,Manhattan,9,2325.71,214.78,208.42,,26.9,,,3.9,1
2024 / 07,Manhattan,10,6081.04,258.09,257.17,,,,,,1
2024 / 07,Manhattan,11,2624.54,235.12,182.13,,45.6,,,14.05,1
2024 / 07,Manhattan,12,5015.88,401.51,470.93,,,,,,1
2024 / 08,Manhattan,1,1516.94,346.55,230.36,,,,,,1
2024 / 08,Manhattan,2,2104.03,352.96,230.54,,,,,16.39,1
2024 / 08,Manhattan,3,6062.1,418.3,358.89,,16.98,,,,1
2024 / 08,Manhattan,4,3412.37,679.06,360.31,,20.8,,,20.27,1
2024 / 08,Manhattan,5,1719.97,260.11,147.14,,,,,,1
2024 / 08,Manhattan,6,3290.65,772.28,382.9,9.5,,,,,1
2024 / 08,Manhattan,7,4463.08,929.76,644.08,54.37,21.91,,,,1
2024 / 08,Manhattan,8,4988.85,941.38,643.2,,,,,20.15,1
2024 / 08,Manhattan,9,2394.18,280.89,253.27,,16.09,,,10.13,1
2024 / 08,Manhattan,10,6317.2,267.06,264.96,,,,,,1
2024 / 08,Manhattan,11,2579.39,211.12,164.92,,19.39,,,17.93,1
2024 / 08,Manhattan,12,4973.24,423.16,466.86,,,,,,1
2024 / 09,Manhattan,1,1499.6,355.17,213.47,,,,,,1
2024 / 09,Manhattan,2,2139.89,410.43,251.78,,31.05,,,11.98,1
2024 / 09,Manhattan,3,5958.83,448.3,314.05,,53.16,,,,1
2024 / 09,Manhattan,4,3263.86,609.05,294.43,,,,,16.06,1
2024 / 09,Manhattan,5,1698.56,253.81,144.16,,,,,,1
2024 / 09,Manhattan,6,3120.85,689.62,313.38,8.51,,,,,1
2024 / 09,Manhattan,7,4499.71,929.95,616.44,54.68,44.06,,,,1
2024 / 09,Manhattan,8,5189.01,959.69,621.25,,,,,14.78,1
2024 / 09,Manhattan,9,2240.44,255.57,203.39,,86.02,,,3.82,1
2024 / 09,Manhattan,10,5920.86,247.07,224.17,,,,,,1
2024 / 09,Manhattan,11,2419.01,215.09,157.2,,66.05,,,17.52,1
2024 / 09,Manhattan,12,4655.85,379.21,408.94,,52.11,,,,1
2024 / 10,Manhattan,1,1640.98,356.64,225.1,3.02,,,,,1
2024 / 10,Manhattan,2,2291.68,442.76,291.65,6.37,34.79,,,10.49,1
2024 / 10,Manhattan,3,6002.71,478.49,331.45,11.28,52.85,,,,1
2024 / 10,Manhattan,4,3379.89,654.59,321.86,13.18,,,,14.62,1
2024 / 10,Manhattan,5,1756.52,308.53,175.68,2.47,,,,,1
2024 / 10,Manhattan,6,3353.32,730.91,371.95,14.72,,,,,1
2024 / 10,Manhattan,7,4745.96,956.41,665.48,77.2,51.85,,,,1
2024 / 10,Manhattan,8,5702.2,1064.17,710.4,10.49,,,,15.0,1
2024 / 10,Manhattan,9,2356.03,236.36,211.86,7.84,99.16,,,3.26,1
2024 / 10,Manhattan,10,6360.29,277.98,268.98,7.29,,,,,1
2024 / 10,Manhattan,11,2513.75,248.11,184.61,9.14,79.33,,,9.47,1
2024 / 10,Manhattan,12,4927.18,432.09,475.15,13.09,55.8,,,,1
2024 / 11,Manhattan,1,1557.73,351.01,227.07,7.79,,,,,1
2024 / 11,Manhattan,2,2182.93,389.43,251.81,11.53,22.65,,,14.88,1
2024 / 11,Manhattan,3,5783.43,417.96,309.08,38.21,43.18,,,,1
2024 / 11,Manhattan,4,3384.63,607.94,308.22,37.96,,,,15.38,1
2024 / 11,Manhattan,5,1692.44,253.01,149.66,5.28,,,,,1
2024 / 11,Manhattan,6,3157.25,689.36,350.67,21.92,,,,,1
2024 / 11,Manhattan,7,4598.79,960.38,657.69,109.56,39.77,,,,1
2024 / 11,Manhattan,8,5378.29,1031.82,700.48,30.34,,,,13.63,1
2024 / 11,Manhattan,9,2279.13,243.87,223.23,24.62,72.81,,,2.87,1
2024 / 11,Manhattan,10,6073.39,241.41,238.5,22.42,,,,,1
2024 / 11,Manhattan,11,2429.97,216.46,159.09,44.79,66.96,,,3.31,1
2024 / 11,Manhattan,12,4867.34,373.85,406.31,28.95,38.38,,,,1
2024 / 12,Manhattan,1,1502.08,411.36,238.53,8.6,,,,,1
2024 / 12,Manhattan,2,2087.4,451.67,279.66,19.83,20.2,,,10.72,1
2024 / 12,Manhattan,3,5705.19,451.93,308.94,28.9,40.44,,,,1
2024 / 12,Manhattan,4,3340.41,704.14,322.74,30.61,,,,19.35,1
2024 / 12,Manhattan,5,1730.1,308.74,166.31,7.52,,,,,1
2024 / 12,Manhattan,6,3102.4,813.19,370.22,22.68,,,,,1
2024 / 12,Manhattan,7,4556.65,1095.43,725.63,128.99,34.37,,,,1
2024 / 12,Manhattan,8,5403.63,1153.92,730.35,34.64,,,,11.18,1
2024 / 12,Manhattan,9,2321.88,257.11,220.13,24.92,72.87,,,3.56,1
2024 / 12,Manhattan,10,6361.31,311.43,266.29,24.2,,,,,1
2024 / 12,Manhattan,11,2515.55,250.65,165.65,29.27,54.13,,,3.32,1
2024 / 12,Manhattan,12,4944.82,478.68,467.59,32.32,39.33,,,,1
2025 / 01,Manhattan,1,1492.57,376.83,269.95,27.84,,,,,1
2025 / 01,Manhattan,2,2044.82,418.14,285.39,47.7,23.09,,,9.0,1
2025 / 01,Manhattan,3,5738.19,467.17,352.7,25.98,49.2,,,,1
2025 / 01,Manhattan,4,3237.18,672.63,367.37,64.78,,,,8.91,1
2025 / 01,Manhattan,5,1543.38,282.73,171.48,18.12,,,,,1
2025 / 01,Manhattan,6,3109.51,745.64,391.54,46.94,,,,,1
2025 / 01,Manhattan,7,4434.91,964.44,717.38,185.19,41.35,,,,1
2025 / 01,Manhattan,8,5282.88,1059.67,760.11,102.79,,,,8.51,1
2025 / 01,Manhattan,9,2202.9,257.66,244.01,26.99,81.68,,,4.81,1
2025 / 01,Manhattan,10,5817.66,285.06,278.85,27.53,,,,,1
2025 / 01,Manhattan,11,2406.35,252.83,203.87,25.7,56.52,,,3.33,1
2025 / 01,Manhattan,12,4690.06,460.89,519.2,39.14,49.46,,,,1
2025 / 02,Manhattan,1,1372.99,317.63,215.22,7.26,,,,,1
2025 / 02,Manhattan,2,1834.98,358.08,250.1,18.29,17.84,,,8.58,1
2025 / 02,Manhattan,3,5121.49,371.12,291.44,14.41,37.59,,,,1
2025 / 02,Manhattan,4,2919.58,563.49,294.29,38.34,,,,8.97,1
2025 / 02,Manhattan,5,1382.61,233.15,143.75,5.98,,,,,1
2025 / 02,Manhattan,6,2817.39,626.19,328.53,22.23,,,,,1
2025 / 02,Manhattan,7,3903.51,819.43,620.78,111.18,33.6,,,,1
2025 / 02,Manhattan,8,4692.34,886.49,637.72,37.41,,,,9.95,1
2025 / 02,Manhattan,9,2002.47,210.24,196.7,18.58,70.58,,,2.51,1
2025 / 02,Manhattan,10,5199.39,222.69,221.42,17.0,0.38,,,,1
2025 / 02,Manhattan,11,2093.47,199.72,166.66,15.35,46.41,,,4.55,1
2025 / 02,Manhattan,12,4143.05,357.66,385.32,27.37,40.57,,,,1
2025 / 03,Manhattan,1,1464.37,329.75,232.76,8.95,,,,,1
2025 / 03,Manhattan,2,2055.65,379.84,270.1,22.94,26.4,,,6.67,1
2025 / 03,Manhattan,3,5770.95,404.59,319.04,21.46,46.14,,,,1
2025 / 03,Manhattan,4,3179.17,591.69,314.46,45.8,,,,8.58,1
2025 / 03,Manhattan,5,1595.0,234.14,145.08,7.51,,,,,1
2025 / 03,Manhattan,6,3107.4,664.79,341.43,24.97,,,,,1
2025 / 03,Manhattan,7,4289.5,889.83,660.0,128.3,39.4,,,,1
2025 / 03,Manhattan,8,5157.13,943.24,680.06,42.82,,,,9.31,1
2025 / 03,Manhattan,9,2198.97,228.68,234.21,21.38,82.61,,,2.75,1
2025 / 03,Manhattan,10,5994.79,241.37,253.39,10.45,,,,,1
2025 / 03,Manhattan,11,2433.8,219.88,172.81,13.81,54.47,,,0.94,1
2025 / 03,Manhattan,12,4688.06,392.0,418.8,29.19,53.91,,,,1
2025 / 04,Manhattan,1,1530.63,315.23,224.73,18.03,,,,,1
2025 / 04,Manhattan,2,2081.93,403.73,301.01,51.5,24.68,,,9.95,1
2025 / 04,Manhattan,3,5754.47,427.23,338.73,49.05,37.98,,,,1
2025 / 04,Manhattan,4,3191.05,594.41,324.03,56.89,,,,16.13,1
2025 / 04,Manhattan,5,1653.31,270.74,192.9,24.54,,,,,1
2025 / 04,Manhattan,6,3102.64,656.89,343.07,55.67,,,,,1
2025 / 04,Manhattan,7,4290.7,888.51,670.17,226.31,36.26,,,,1
2025 / 04,Manhattan,8,5260.05,986.09,702.79,122.66,,,,9.55,1
2025 / 04,Manhattan,9,2212.23,223.57,214.75,42.37,73.93,,,3.37,1
2025 / 04,Manhattan,10,6046.07,268.8,262.88,39.99,,,,,1
2025 / 04,Manhattan,11,2415.14,244.84,193.42,30.55,48.0,,,,1
2025 / 04,Manhattan,12,4652.32,418.61,467.73,73.09,47.67,,,,1
2025 / 05,Manhattan,1,1696.38,385.63,269.17,28.56,,,,,1
2025 / 05,Manhattan,2,2245.15,403.25,289.04,61.61,32.38,,,6.94,1
2025 / 05,Manhattan,3,6234.4,479.7,370.63,60.5,49.75,,,,1
2025 / 05,Manhattan,4,3419.05,701.9,388.32,84.54,,,,9.57,1
2025 / 05,Manhattan,5,1817.54,269.56,170.28,30.62,,,,,1
2025 / 05,Manhattan,6,3321.2,788.8,422.39,87.12,,,,,1
2025 / 05,Manhattan,7,4594.3,1024.02,731.19,283.06,43.79,,,,1
2025 / 05,Manhattan,8,5643.05,1098.66,777.52,173.32,,,,6.92,1
2025 / 05,Manhattan,9,2331.17,302.35,289.31,61.87,89.15,,,,1
2025 / 05,Manhattan,10,6365.29,276.88,278.7,46.51,,,,,1
2025 / 05,Manhattan,11,2574.77,234.21,176.04,26.48,62.34,,,5.1,1
2025 / 05,Manhattan,12,4899.09,457.52,489.87,97.74,54.56,,,,1
2025 / 06,Manhattan,1,1552.76,337.8,226.57,23.86,,,,,1
2025 / 06,Manhattan,2,2175.95,402.34,265.2,59.77,20.56,,,6.95,1
2025 / 06,Manhattan,3,6049.07,444.32,330.35,53.28,37.95,,,,1
2025 / 06,Manhattan,4,3483.43,614.92,309.19,66.92,,,,5.79,1
2025 / 06,Manhattan,5,1808.84,247.41,150.49,26.76,,,,,1
2025 / 06,Manhattan,6,3166.23,682.66,334.44,68.96,,,,,1
2025 / 06,Manhattan,7,4451.43,925.82,652.29,243.89,29.57,,,,1
2025 / 06,Manhattan,8,5206.38,951.98,652.43,147.95,,,,6.73,1
2025 / 06,Manhattan,9,2256.6,255.79,226.53,49.7,61.91,,,,1
2025 / 06,Manhattan,10,5862.2,257.52,238.01,40.59,,,,,1
2025 / 06,Manhattan,11,2555.81,217.86,158.86,23.05,28.04,,,8.48,1
2025 / 06,Manhattan,12,4887.15,405.74,418.63,89.22,37.23,,,,1
2025 / 07,Manhattan,1,1592.67,337.2,216.19,20.12,,,,,1
2025 / 07,Manhattan,2,2044.97,390.83,262.99,53.47,,,,5.32,1
2025 / 07,Manhattan,3,6102.25,483.75,356.03,55.24,18.98,,,,1
2025 / 07,Manhattan,4,3308.99,659.79,333.54,50.63,36.13,,,11.09,1
2025 / 07,Manhattan,5,1842.25,282.91,163.93,28.74,,,,,1
2025 / 07,Manhattan,6,3308.97,731.66,362.88,70.03,,,,,1
2025 / 07,Manhattan,7,4311.04,873.06,622.77,234.65,30.31,,,,1
2025 / 07,Manhattan,8,5198.26,937.25,656.13,137.69,,,,6.4,1
2025 / 07,Manhattan,9,2253.17,237.71,226.65,47.58,26.74,,,,1
2025 / 07,Manhattan,10,6332.1,300.2,282.83,41.33,27.26,,,,1
2025 / 07,Manhattan,11,2545.3,238.22,189.63,25.17,,,,6.68,1
2025 / 07,Manhattan,12,4912.85,449.99,502.51,99.8,,,,,1
2025 / 08,Manhattan,1,1464.91,339.0,222.62,19.51,,,,,1
2025 / 08,Manhattan,2,1994.18,333.75,226.9,48.73,,,,6.6,1
2025 / 08,Manhattan,3,5840.45,452.1,330.78,58.11,11.27,,,,1
2025 / 08,Manhattan,4,3173.39,658.7,337.88,57.17,32.46,,,9.13,1
2025 / 08,Manhattan,5,1713.86,247.11,146.81,22.54,,,,,1
2025 / 08,Manhattan,6,3074.04,704.62,352.45,69.04,,,,,1
2025 / 08,Manhattan,7,4062.24,876.64,616.51,223.74,16.58,,,,1
2025 / 08,Manhattan,8,4771.57,879.3,612.37,138.97,,,,6.73,1
2025 / 08,Manhattan,9,2160.56,267.59,245.98,54.67,12.34,,,,1
2025 / 08,Manhattan,10,5989.02,274.59,246.19,37.64,12.53,,,,1
2025 / 08,Manhattan,11,2359.37,201.61,160.94,20.56,,,,9.31,1
2025 / 08,Manhattan,12,4586.16,382.93,440.24,90.42,,,,,1
2025 / 09,Manhattan,1,1679.17,356.21,216.9,22.15,,,,,1
2025 / 09,Manhattan,2,2164.15,435.39,266.52,53.79,29.38,,,7.57,1
2025 / 09,Manhattan,3,6069.38,447.0,308.78,48.19,39.65,,,,1
2025 / 09,Manhattan,4,3357.06,639.27,307.6,61.97,,,,6.36,1
2025 / 09,Manhattan,5,1789.27,273.34,157.7,23.52,,,,,1
2025 / 09,Manhattan,6,3270.06,715.96,323.23,63.19,,,,,1
2025 / 09,Manhattan,7,4539.97,963.04,641.41,245.79,38.25,,,,1
2025 / 09,Manhattan,8,5473.34,1009.14,653.5,149.43,,,,7.51,1
2025 / 09,Manhattan,9,2201.27,273.51,212.26,50.88,81.66,,,,1
2025 / 09,Manhattan,10,6112.64,277.5,242.77,42.02,52.21,,,,1
2025 / 09,Manhattan,11,2429.75,209.01,158.53,21.41,,,,11.35,1
2025 / 09,Manhattan,12,4838.14,397.89,432.58,79.83,44.3,,,,1
2025 / 10,Manhattan,1,1649.72,400.9,255.82,30.54,,,,,1
2025 / 10,Manhattan,2,2262.19,437.28,281.62,57.31,34.53,,,5.51,1
2025 / 10,Manhattan,3,6087.7,482.47,356.42,61.45,43.25,,,,1
2025 / 10,Manhattan,4,3401.12,709.82,355.4,74.22,,,,7.43,1
2025 / 10,Manhattan,5,1809.53,289.65,166.24,24.32,,,,,1
2025 / 10,Manhattan,6,3310.13,791.93,395.1,75.46,,,,,1
2025 / 10,Manhattan,7,4529.05,989.11,674.37,267.06,46.32,,,,1
2025 / 10,Manhattan,8,5505.39,1106.24,743.48,178.75,,,,5.51,1
2025 / 10,Manhattan,9,2246.7,269.51,238.07,64.61,103.43,,,,1
2025 / 10,Manhattan,10,6207.04,294.06,275.24,49.61,67.25,,,,1
2025 / 10,Manhattan,11,2457.96,228.53,172.93,27.98,,,,8.33,1
2025 / 10,Manhattan,12,4859.83,450.17,472.75,87.66,57.15,,,,1
